,AMZN,BRK.B,K,MSFT,XOM
2015-01-02 00:00:00-05:00,308.52,149.13,65.49,46.75,92.81
2015-01-05 00:00:00-05:00,302.1,147.07,64.27,46.33,90.34
2015-01-06 00:00:00-05:00,295.29,146.7,64.43,45.6,89.78
2015-01-07 00:00:00-05:00,298.42,148.81,66.0,46.23,90.72
2015-01-08 00:00:00-05:00,300.46,151.25,67.19,47.59,92.2
2015-01-09 00:00:00-05:00,296.93,149.53,66.44,47.19,92.11
2015-01-12 00:00:00-05:00,291.4,148.33,65.5,46.61,90.41
2015-01-13 00:00:00-05:00,294.73,148.54,65.97,46.355,90.0
2015-01-14 00:00:00-05:00,293.26,147.77,66.75,45.95,89.73
2015-01-15 00:00:00-05:00,286.955,147.6,67.74,45.48,88.97
2015-01-16 00:00:00-05:00,290.48,149.1377,68.11,46.22,91.08
2015-01-20 00:00:00-05:00,289.54,148.52,68.96,46.39,91.08
2015-01-21 00:00:00-05:00,297.26,147.15,69.04,45.91,91.89
2015-01-22 00:00:00-05:00,310.39,150.13,69.83,47.12,92.88
2015-01-23 00:00:00-05:00,312.42,149.14,68.67,47.18,90.87
2015-01-26 00:00:00-05:00,309.65,149.63,68.88,47.05,91.75
2015-01-27 00:00:00-05:00,306.78,147.66,68.45,42.67,90.931
2015-01-28 00:00:00-05:00,303.91,144.81,67.38,41.2,87.95
2015-01-29 00:00:00-05:00,311.78,146.5,67.35,42.02,87.57
2015-01-30 00:00:00-05:00,354.55,144.06,65.57,40.42,87.31
2015-02-02 00:00:00-05:00,364.589,146.71,66.47,41.28,89.56
2015-02-03 00:00:00-05:00,363.395,148.34,66.65,41.59,92.25
2015-02-04 00:00:00-05:00,364.685,147.41,66.63,41.83,91.45
2015-02-05 00:00:00-05:00,373.89,149.59,67.02,42.46,92.36
2015-02-06 00:00:00-05:00,374.33,150.07,66.24,42.42,91.49
2015-02-09 00:00:00-05:00,370.75,149.08,65.8,42.35,91.53
2015-02-10 00:00:00-05:00,373.0,149.94,66.29,42.6,90.9829
2015-02-11 00:00:00-05:00,375.15,149.6,66.3,42.37,90.6
2015-02-12 00:00:00-05:00,377.16,149.66,63.3042,43.08,92.36
2015-02-13 00:00:00-05:00,381.86,148.4063,63.2,43.86,93.36
2015-02-17 00:00:00-05:00,375.4,149.07,63.22,43.575,92.97
2015-02-18 00:00:00-05:00,373.245,148.58,63.8,43.53,90.99
2015-02-19 00:00:00-05:00,378.9,147.53,63.79,43.51,89.47
2015-02-20 00:00:00-05:00,383.65,148.59,64.09,43.86,89.92
2015-02-23 00:00:00-05:00,380.14,147.35,64.29,44.15,88.99
2015-02-24 00:00:00-05:00,378.51,148.97,64.03,44.1,89.42
2015-02-25 00:00:00-05:00,385.48,148.75,64.79,43.98,89.58
2015-02-26 00:00:00-05:00,384.79,148.33,64.68,44.05,88.65
2015-02-27 00:00:00-05:00,380.26,147.37,64.48,43.84,88.5401
2015-03-02 00:00:00-05:00,385.65,147.03,64.29,43.87,88.02
2015-03-03 00:00:00-05:00,384.59,145.89,64.73,43.27,87.63
2015-03-04 00:00:00-05:00,382.54,144.88,64.72,43.06,87.1899
2015-03-05 00:00:00-05:00,387.69,146.09,64.04,43.09,86.72
2015-03-06 00:00:00-05:00,380.09,145.37,62.46,42.365,85.61
2015-03-09 00:00:00-04:00,378.56,146.06,62.61,42.83,85.16
2015-03-10 00:00:00-04:00,369.63,143.27,62.61,42.045,84.31
2015-03-11 00:00:00-04:00,366.38,143.55,61.98,41.98,84.03
2015-03-12 00:00:00-04:00,374.24,145.64,62.32,41.01,84.22
2015-03-13 00:00:00-04:00,370.53,144.03,62.14,41.37,83.91
2015-03-16 00:00:00-04:00,373.35,145.91,62.83,41.54,84.76
2015-03-17 00:00:00-04:00,371.93,144.77,62.23,41.7,84.09
2015-03-18 00:00:00-04:00,375.07,145.97,63.05,42.5,86.055
2015-03-19 00:00:00-04:00,373.19,144.9499,62.82,42.28,84.42
2015-03-20 00:00:00-04:00,378.49,145.65,64.03,42.76,84.54
2015-03-23 00:00:00-04:00,375.11,145.55,63.97,42.85,85.38
2015-03-24 00:00:00-04:00,374.1,144.3,62.95,42.91,84.5
2015-03-25 00:00:00-04:00,370.94,143.6,63.14,41.46,84.8598
2015-03-26 00:00:00-04:00,367.28,143.04,63.0,41.2,84.31
2015-03-27 00:00:00-04:00,370.74,143.75,63.84,41.01,83.56
2015-03-30 00:00:00-04:00,374.74,145.91,65.5,40.94,85.6
2015-03-31 00:00:00-04:00,372.11,144.68,65.97,40.65,84.94
2015-04-01 00:00:00-04:00,370.19,143.6,66.18,40.71,84.455
2015-04-02 00:00:00-04:00,372.265,143.48,66.38,40.29,84.28
2015-04-06 00:00:00-04:00,377.23,143.76,66.04,41.55,85.14
2015-04-07 00:00:00-04:00,374.3,143.02,65.73,41.53,85.72
2015-04-08 00:00:00-04:00,381.2,143.25,65.59,41.42,84.07
2015-04-09 00:00:00-04:00,383.55,143.63,65.48,41.48,84.64
2015-04-10 00:00:00-04:00,382.64,143.55,65.73,41.72,85.54
2015-04-13 00:00:00-04:00,382.46,143.415,65.44,41.77,85.36
2015-04-14 00:00:00-04:00,385.12,142.83,65.575,41.65,86.64
2015-04-15 00:00:00-04:00,383.431,142.63,65.17,42.26,88.03
2015-04-16 00:00:00-04:00,386.03,142.12,65.04,42.17,87.73
2015-04-17 00:00:00-04:00,375.52,140.7,64.39,41.62,86.92
2015-04-20 00:00:00-04:00,389.5,142.04,64.59,42.9,87.25
2015-04-21 00:00:00-04:00,391.18,141.19,63.85,42.64,86.89
2015-04-22 00:00:00-04:00,389.8,141.98,63.97,42.98,87.45
2015-04-23 00:00:00-04:00,390.0,142.45,63.87,43.35,87.57
2015-04-24 00:00:00-04:00,445.02,142.05,63.73,47.87,87.0
2015-04-27 00:00:00-04:00,438.56,141.1,63.595,48.03,87.02
2015-04-28 00:00:00-04:00,429.31,142.61,63.69,49.16,87.82
2015-04-29 00:00:00-04:00,429.37,142.44,63.39,49.05,87.84
2015-04-30 00:00:00-04:00,421.69,141.25,63.35,48.66,87.37
2015-05-01 00:00:00-04:00,422.87,143.26,63.89,48.65,88.84
2015-05-04 00:00:00-04:00,423.03,146.13,64.14,48.24,89.09
2015-05-05 00:00:00-04:00,421.18,144.59,63.17,47.61,88.615
2015-05-06 00:00:00-04:00,419.12,143.86,63.0,46.29,88.22
2015-05-07 00:00:00-04:00,426.96,145.37,63.57,46.7,87.61
2015-05-08 00:00:00-04:00,433.67,148.29,63.615,47.72,88.99
2015-05-11 00:00:00-04:00,432.81,146.14,63.79,47.37,86.75
2015-05-12 00:00:00-04:00,430.94,144.75,63.66,47.35,86.99
2015-05-13 00:00:00-04:00,426.87,144.28,63.74,47.63,86.56
2015-05-14 00:00:00-04:00,432.28,145.7,64.57,48.72,86.95
2015-05-15 00:00:00-04:00,425.92,145.22,65.25,48.3,87.35
2015-05-18 00:00:00-04:00,425.23,145.7,64.63,48.0,86.8262
2015-05-19 00:00:00-04:00,421.69,146.58,64.17,47.57,86.96
2015-05-20 00:00:00-04:00,423.88,145.89,64.23,47.58,87.12
2015-05-21 00:00:00-04:00,431.64,145.31,63.95,47.42,87.23
2015-05-22 00:00:00-04:00,427.625,144.61,63.69,46.9,86.53
2015-05-26 00:00:00-04:00,425.49,143.66,62.99,46.6,85.39
2015-05-27 00:00:00-04:00,431.42,144.77,63.22,47.62,85.11
2015-05-28 00:00:00-04:00,426.55,144.79,62.58,47.45,85.11
2015-05-29 00:00:00-04:00,429.27,143.02,62.785,46.86,85.29
2015-06-01 00:00:00-04:00,430.93,143.31,62.56,47.24,85.11
2015-06-02 00:00:00-04:00,431.0,142.97,62.17,46.92,85.16
2015-06-03 00:00:00-04:00,436.6,143.25,62.27,46.86,84.96
2015-06-04 00:00:00-04:00,430.81,141.5,62.26,46.39,84.24
2015-06-05 00:00:00-04:00,426.94,140.73,61.47,46.15,84.26
2015-06-08 00:00:00-04:00,423.51,139.58,61.31,45.74,84.85
2015-06-09 00:00:00-04:00,425.49,139.58,61.5,45.64,84.55
2015-06-10 00:00:00-04:00,430.57,140.71,62.04,46.59,85.19
2015-06-11 00:00:00-04:00,432.59,141.3,62.24,46.44,85.1
2015-06-12 00:00:00-04:00,429.92,140.32,62.14,45.97,84.025
2015-06-15 00:00:00-04:00,423.66,139.44,61.69,45.48,83.74
2015-06-16 00:00:00-04:00,427.26,139.67,62.48,45.82,84.68
2015-06-17 00:00:00-04:00,427.81,139.96,62.83,45.97,84.7
2015-06-18 00:00:00-04:00,439.41,142.62,63.1,46.71,85.45
2015-06-19 00:00:00-04:00,434.73,140.99,63.32,46.02,85.17
2015-06-22 00:00:00-04:00,436.3,141.61,63.4,46.245,85.16
2015-06-23 00:00:00-04:00,446.1,141.41,63.48,45.9,85.1
2015-06-24 00:00:00-04:00,440.84,140.18,63.43,45.63,84.68
2015-06-25 00:00:00-04:00,440.1,139.48,62.86,45.65,83.94
2015-06-26 00:00:00-04:00,438.21,139.82,63.05,45.27,83.9
2015-06-29 00:00:00-04:00,429.86,136.54,62.6,44.39,82.83
2015-06-30 00:00:00-04:00,434.24,136.18,62.68,44.15,83.17
2015-07-01 00:00:00-04:00,437.45,137.6,63.03,44.446,82.41
2015-07-02 00:00:00-04:00,437.78,137.33,63.13,44.39,83.125
2015-07-06 00:00:00-04:00,436.04,136.8,62.73,44.4,82.51
2015-07-07 00:00:00-04:00,436.51,138.54,64.14,44.3,82.88
2015-07-08 00:00:00-04:00,429.62,136.9,63.7,44.25,81.98
2015-07-09 00:00:00-04:00,434.39,138.36,63.59,44.51,81.59
2015-07-10 00:00:00-04:00,443.51,139.65,63.76,44.59,82.23
2015-07-13 00:00:00-04:00,455.56,141.34,64.19,45.53,82.42
2015-07-14 00:00:00-04:00,465.6,141.09,64.11,45.62,83.1
2015-07-15 00:00:00-04:00,461.23,142.61,63.7,45.77,82.76
2015-07-16 00:00:00-04:00,475.48,143.89,64.5,46.65,82.9
2015-07-17 00:00:00-04:00,482.86,143.81,64.36,46.61,82.61
2015-07-20 00:00:00-04:00,488.03,144.43,64.12,46.92,81.75
2015-07-21 00:00:00-04:00,487.94,143.62,64.0,47.27,81.63
2015-07-22 00:00:00-04:00,488.31,143.47,64.39,45.54,81.78
2015-07-23 00:00:00-04:00,482.18,142.2899,64.33,46.12,81.14
2015-07-24 00:00:00-04:00,529.43,141.36,64.545,45.94,79.97
2015-07-27 00:00:00-04:00,532.03,140.86,64.7,45.36,79.27
2015-07-28 00:00:00-04:00,526.03,143.24,65.06,45.35,82.49
2015-07-29 00:00:00-04:00,529.0,142.86,65.43,46.28,83.14
2015-07-30 00:00:00-04:00,536.75,142.92,66.1,46.89,83.02
2015-07-31 00:00:00-04:00,536.13,143.11,66.19,46.7,79.29
2015-08-03 00:00:00-04:00,535.02,142.22,66.06,46.81,78.07
2015-08-04 00:00:00-04:00,531.84,142.76,67.51,47.55,77.15
2015-08-05 00:00:00-04:00,537.01,143.53,68.68,47.59,77.12
2015-08-06 00:00:00-04:00,529.69,143.46,68.87,46.61,78.1
2015-08-07 00:00:00-04:00,522.61,143.69,68.94,46.76,76.84
2015-08-10 00:00:00-04:00,523.99,143.39,69.02,47.33,78.75
2015-08-11 00:00:00-04:00,528.09,142.81,69.21,46.42,77.49
2015-08-12 00:00:00-04:00,525.91,141.69,68.91,46.75,78.81
2015-08-13 00:00:00-04:00,530.17,142.01,68.91,46.74,78.68
2015-08-14 00:00:00-04:00,531.52,142.66,69.76,47.0,78.36
2015-08-17 00:00:00-04:00,535.3,142.38,69.59,47.32,78.78
2015-08-18 00:00:00-04:00,535.02,141.43,69.28,47.27,77.91
2015-08-19 00:00:00-04:00,532.92,140.5,68.94,46.625,76.24
2015-08-20 00:00:00-04:00,515.77,138.43,68.73,45.77,74.59
2015-08-21 00:00:00-04:00,494.47,134.42,67.46,43.08,72.157
2015-08-24 00:00:00-04:00,463.37,129.64,65.75,41.72,68.7
2015-08-25 00:00:00-04:00,466.38,127.81,65.1,40.47,68.68
2015-08-26 00:00:00-04:00,500.8,132.61,66.95,42.73,72.5
2015-08-27 00:00:00-04:00,518.37,136.18,67.39,43.91,74.85
2015-08-28 00:00:00-04:00,518.01,135.67,67.04,43.92,75.02
2015-08-31 00:00:00-04:00,512.9,133.98,66.29,43.51,75.28
2015-09-01 00:00:00-04:00,496.54,130.59,65.73,41.83,72.09
2015-09-02 00:00:00-04:00,510.55,132.21,66.76,43.34,73.24
2015-09-03 00:00:00-04:00,504.97,132.09,67.33,43.5,73.77
2015-09-04 00:00:00-04:00,499.0,129.57,66.58,42.6,72.48
2015-09-08 00:00:00-04:00,517.5,132.98,67.49,43.88,73.49
2015-09-09 00:00:00-04:00,516.89,130.62,66.17,43.07,72.0
2015-09-10 00:00:00-04:00,522.24,130.71,66.33,43.3,72.51
2015-09-11 00:00:00-04:00,529.43,131.3,67.0,43.48,72.66
2015-09-14 00:00:00-04:00,521.17,130.92,66.75,43.03,72.47
2015-09-15 00:00:00-04:00,522.34,132.28,67.455,43.98,72.87
2015-09-16 00:00:00-04:00,527.24,132.45,68.39,44.3,74.28
2015-09-17 00:00:00-04:00,538.88,131.48,68.88,44.26,74.41
2015-09-18 00:00:00-04:00,540.59,129.12,67.45,43.48,72.57
2015-09-21 00:00:00-04:00,548.39,131.05,67.68,44.13,73.4
2015-09-22 00:00:00-04:00,538.4,129.21,67.04,43.9,72.74
2015-09-23 00:00:00-04:00,536.07,129.12,67.31,43.88,72.3
2015-09-24 00:00:00-04:00,533.74,128.88,67.2,43.91,72.73
2015-09-25 00:00:00-04:00,524.25,129.72,68.23,43.96,73.25
2015-09-28 00:00:00-04:00,503.83,128.6701,66.49,43.3,72.59
2015-09-29 00:00:00-04:00,496.07,128.77,66.46,43.44,72.97
2015-09-30 00:00:00-04:00,511.75,129.84,66.54,44.21,74.26
2015-10-01 00:00:00-04:00,520.72,129.84,66.22,44.61,74.06
2015-10-02 00:00:00-04:00,532.52,129.84,67.41,45.57,75.88
2015-10-05 00:00:00-04:00,543.68,132.34,68.05,46.63,76.78
2015-10-06 00:00:00-04:00,537.48,131.18,67.5699,46.76,77.89
2015-10-07 00:00:00-04:00,541.94,132.67,68.2,46.79,79.2
2015-10-08 00:00:00-04:00,533.12,133.75,69.25,47.45,80.03
2015-10-09 00:00:00-04:00,539.7,132.98,69.47,47.11,79.2799
2015-10-12 00:00:00-04:00,550.19,133.33,69.84,47.0,79.3
2015-10-13 00:00:00-04:00,548.84,132.17,69.35,46.88,79.16
2015-10-14 00:00:00-04:00,544.82,131.24,68.67,46.68,80.17
2015-10-15 00:00:00-04:00,562.52,133.79,69.21,47.03,81.5
2015-10-16 00:00:00-04:00,570.76,133.8,69.79,47.5,82.47
2015-10-19 00:00:00-04:00,573.15,133.66,69.62,47.62,81.0
2015-10-20 00:00:00-04:00,560.88,134.25,68.96,47.77,80.88
2015-10-21 00:00:00-04:00,555.56,133.26,69.63,47.2,80.22
2015-10-22 00:00:00-04:00,563.904,137.33,72.0,48.03,82.88
2015-10-23 00:00:00-04:00,599.26,137.75,71.71,53.24,82.98
2015-10-26 00:00:00-04:00,608.58,136.95,71.55,54.27,81.22
2015-10-27 00:00:00-04:00,610.47,135.59,71.07,53.7,81.11
2015-10-28 00:00:00-04:00,617.22,138.16,70.91,53.98,82.25
2015-10-29 00:00:00-04:00,626.52,137.91,70.97,53.35,82.23
2015-10-30 00:00:00-04:00,625.89,136.08,70.52,52.64,82.84
2015-11-02 00:00:00-05:00,628.35,138.31,70.59,53.23,85.295
2015-11-03 00:00:00-05:00,625.32,137.97,68.09,54.16,86.85
2015-11-04 00:00:00-05:00,641.17,137.5,68.67,54.41,85.99
2015-11-05 00:00:00-05:00,655.76,136.62,69.38,54.39,84.82
2015-11-06 00:00:00-05:00,659.38,136.3799,67.92,54.91,84.47
2015-11-09 00:00:00-05:00,655.49,134.14,67.47,54.16,81.96
2015-11-10 00:00:00-05:00,659.81,134.7,67.32,53.53,82.37
2015-11-11 00:00:00-05:00,673.52,135.0,67.62,53.65,81.6
2015-11-12 00:00:00-05:00,665.6,132.8,66.3,53.32,79.4
2015-11-13 00:00:00-05:00,642.31,132.01,66.12,52.84,78.08
2015-11-16 00:00:00-05:00,647.8,133.3,66.92,53.76,80.89
2015-11-17 00:00:00-05:00,643.3,133.145,66.04,52.97,79.95
2015-11-18 00:00:00-05:00,663.57,136.2,66.3,53.84,80.74
2015-11-19 00:00:00-05:00,661.06,136.63,66.45,53.94,80.3
2015-11-20 00:00:00-05:00,668.36,136.63,66.27,54.18,79.77
2015-11-23 00:00:00-05:00,679.0,136.0,68.58,54.18,80.29
2015-11-24 00:00:00-05:00,671.16,135.58,67.88,54.26,81.92
2015-11-25 00:00:00-05:00,675.557,135.07,69.18,53.7,81.27
2015-11-27 00:00:00-05:00,673.04,134.66,69.29,53.94,81.2399
2015-11-30 00:00:00-05:00,664.82,134.29,68.77,54.36,81.79
2015-12-01 00:00:00-05:00,679.05,136.39,69.37,55.21,81.88
2015-12-02 00:00:00-05:00,676.32,135.38,68.89,55.23,79.56
2015-12-03 00:00:00-05:00,666.5,132.73,68.53,54.2,78.42
2015-12-04 00:00:00-05:00,672.63,136.23,70.18,55.9,78.8215
2015-12-07 00:00:00-05:00,669.82,135.66,70.52,55.82,76.8
2015-12-08 00:00:00-05:00,677.14,133.4747,70.84,55.79,74.64
2015-12-09 00:00:00-05:00,664.79,131.76,70.6,54.98,75.65
2015-12-10 00:00:00-05:00,662.24,131.74,70.75,55.28,75.6958
2015-12-11 00:00:00-05:00,640.06,130.35,70.13,54.08,74.47
2015-12-14 00:00:00-05:00,657.89,132.06,71.09,55.16,76.05
2015-12-15 00:00:00-05:00,658.63,134.8,71.51,55.2,79.43
2015-12-16 00:00:00-05:00,675.76,135.88,71.97,56.125,79.13
2015-12-17 00:00:00-05:00,670.86,133.96,71.62,55.7,77.98
2015-12-18 00:00:00-05:00,664.13,129.87,70.78,54.18,77.3
2015-12-21 00:00:00-05:00,664.51,131.29,71.04,54.82,77.251
2015-12-22 00:00:00-05:00,663.15,133.12,72.2,55.35,77.63
2015-12-23 00:00:00-05:00,663.7,134.24,73.07,55.83,80.19
2015-12-24 00:00:00-05:00,662.81,133.88,72.88,55.68,79.3
2015-12-28 00:00:00-05:00,675.21,133.15,72.88,55.95,78.75
2015-12-29 00:00:00-05:00,693.97,134.11,73.52,56.55,79.15
2015-12-30 00:00:00-05:00,689.1195,133.22,73.18,56.31,78.14
2015-12-31 00:00:00-05:00,676.34,131.95,72.28,55.45,77.94
2016-01-04 00:00:00-05:00,636.73,130.9,71.62,54.79,77.46
2016-01-05 00:00:00-05:00,633.79,131.25,71.87,55.05,78.11
2016-01-06 00:00:00-05:00,632.81,131.42,72.0,54.075,77.49
2016-01-07 00:00:00-05:00,607.84,129.56,70.38,52.19,76.26
2016-01-08 00:00:00-05:00,607.23,128.37,71.48,52.33,74.66
2016-01-11 00:00:00-05:00,617.74,128.29,71.56,52.3,73.67
2016-01-12 00:00:00-05:00,617.89,128.89,71.46,52.77,75.24
2016-01-13 00:00:00-05:00,581.99,126.25,70.9,51.66,75.68
2016-01-14 00:00:00-05:00,593.0,127.97,71.68,53.06,79.03
2016-01-15 00:00:00-05:00,570.0,126.1358,70.67,50.98,77.56
2016-01-19 00:00:00-05:00,574.48,127.7,71.22,50.56,76.36
2016-01-20 00:00:00-05:00,571.59,124.85,70.1,50.78,73.17
2016-01-21 00:00:00-05:00,574.95,125.59,69.96,50.45,74.07
2016-01-22 00:00:00-05:00,596.21,127.03,71.605,52.29,76.56
2016-01-25 00:00:00-05:00,596.55,124.23,70.52,51.77,73.99
2016-01-26 00:00:00-05:00,601.25,125.89,71.2,52.18,76.6968
2016-01-27 00:00:00-05:00,583.52,125.27,71.57,51.21,75.29
2016-01-28 00:00:00-05:00,635.54,126.01,72.76,52.06,76.96
2016-01-29 00:00:00-05:00,585.63,129.62,73.42,55.05,77.58
2016-02-01 00:00:00-05:00,574.99,128.69,73.59,54.67,76.22
2016-02-02 00:00:00-05:00,551.75,125.7,72.37,53.0,74.62
2016-02-03 00:00:00-05:00,530.79,126.27,72.33,52.17,78.46
2016-02-04 00:00:00-05:00,536.24,127.56,71.82,52.0,79.82
2016-02-05 00:00:00-05:00,502.01,126.56,71.83,50.16,80.08
2016-02-08 00:00:00-05:00,488.33,126.81,71.32,49.39,81.19
2016-02-09 00:00:00-05:00,482.06,127.68,71.42,49.28,80.14
2016-02-10 00:00:00-05:00,490.5,126.58,70.85,49.69,79.38
2016-02-11 00:00:00-05:00,503.54,125.0,73.68,49.64,79.6
2016-02-12 00:00:00-05:00,506.95,128.03,74.98,50.5,81.02
2016-02-16 00:00:00-05:00,521.11,128.62,75.18,51.09,81.21
2016-02-17 00:00:00-05:00,534.1,130.18,75.75,52.42,81.98
2016-02-18 00:00:00-05:00,525.0,130.75,75.78,52.19,82.43
2016-02-19 00:00:00-05:00,534.88,131.01,75.51,51.81,82.48
2016-02-22 00:00:00-05:00,559.49,131.99,73.84,52.64,82.37
2016-02-23 00:00:00-05:00,552.87,130.75,74.14,51.18,81.23
2016-02-24 00:00:00-05:00,554.04,130.94,73.91,51.355,81.46
2016-02-25 00:00:00-05:00,555.14,132.24,74.91,52.1,82.04
2016-02-26 00:00:00-05:00,555.16,131.86,73.44,51.28,81.72
2016-02-29 00:00:00-05:00,552.88,133.98,74.02,50.77,80.1501
2016-03-01 00:00:00-05:00,579.03,136.75,74.18,52.58,81.28
2016-03-02 00:00:00-05:00,580.22,136.66,75.09,52.95,82.69
2016-03-03 00:00:00-05:00,577.47,136.81,74.83,52.35,82.39
2016-03-04 00:00:00-05:00,575.14,137.91,75.22,52.03,82.28
2016-03-07 00:00:00-05:00,562.8,138.6,74.88,51.02,84.45
2016-03-08 00:00:00-05:00,560.26,137.75,74.86,51.65,82.64
2016-03-09 00:00:00-05:00,559.48,139.11,75.18,52.83,82.33
2016-03-10 00:00:00-05:00,558.93,138.68,75.23,52.05,82.19
2016-03-11 00:00:00-05:00,569.59,140.61,75.52,53.07,82.19
2016-03-14 00:00:00-04:00,573.38,139.6301,74.95,53.17,82.39
2016-03-15 00:00:00-04:00,577.02,140.35,75.08,53.59,82.8101
2016-03-16 00:00:00-04:00,574.333,139.87,75.63,54.35,82.91
2016-03-17 00:00:00-04:00,559.43,142.36,76.41,54.69,84.06
2016-03-18 00:00:00-04:00,552.11,142.15,76.13,53.49,84.2
2016-03-21 00:00:00-04:00,553.98,142.14,75.48,53.86,83.61
2016-03-22 00:00:00-04:00,560.66,142.2,74.42,54.09,84.13
2016-03-23 00:00:00-04:00,569.62,140.99,75.04,53.98,83.7801
2016-03-24 00:00:00-04:00,582.95,140.14,75.44,54.21,83.98
2016-03-28 00:00:00-04:00,579.87,141.34,75.67,53.54,84.22
2016-03-29 00:00:00-04:00,593.93,141.9302,76.6,54.72,84.51
2016-03-30 00:00:00-04:00,598.7,142.52,76.82,55.05,84.51
2016-03-31 00:00:00-04:00,593.66,141.87,76.56,55.23,83.61
2016-04-01 00:00:00-04:00,598.5,143.795,77.85,55.57,83.02
2016-04-04 00:00:00-04:00,593.19,143.13,78.08,55.43,83.1
2016-04-05 00:00:00-04:00,586.14,141.28,76.82,54.56,82.22
2016-04-06 00:00:00-04:00,602.29,141.72,77.78,55.13,83.33
2016-04-07 00:00:00-04:00,591.43,140.91,77.12,54.45,82.38
2016-04-08 00:00:00-04:00,594.6,141.08,77.27,54.42,83.19
2016-04-11 00:00:00-04:00,595.92,141.0,76.99,54.31,83.32
2016-04-12 00:00:00-04:00,603.4,142.4,77.33,54.65,84.34
2016-04-13 00:00:00-04:00,615.2,144.11,76.66,55.35,84.83
2016-04-14 00:00:00-04:00,620.75,143.65,76.46,55.36,85.4
2016-04-15 00:00:00-04:00,625.98,143.4,77.54,55.64,84.97
2016-04-18 00:00:00-04:00,635.39,144.37,77.67,56.45,85.76
2016-04-19 00:00:00-04:00,627.85,145.96,77.6,56.4,86.2
2016-04-20 00:00:00-04:00,632.99,146.02,76.71,55.6,86.8
2016-04-21 00:00:00-04:00,631.0,144.9,75.0,55.7875,86.8
2016-04-22 00:00:00-04:00,620.51,146.11,75.31,51.77,87.52
2016-04-25 00:00:00-04:00,626.2,146.26,75.8,52.12,87.33
2016-04-26 00:00:00-04:00,616.88,146.98,75.31,51.44,87.6
2016-04-27 00:00:00-04:00,606.57,147.66,76.39,50.94,88.47
2016-04-28 00:00:00-04:00,603.28,146.175,76.475,49.89,88.15
2016-04-29 00:00:00-04:00,659.59,145.44,76.85,49.88,88.48
2016-05-02 00:00:00-04:00,683.9,146.84,77.45,50.61,89.12
2016-05-03 00:00:00-04:00,671.32,144.755,76.84,49.78,88.12
2016-05-04 00:00:00-04:00,670.98,144.22,77.0,49.87,87.94
2016-05-05 00:00:00-04:00,659.05,143.85,75.07,49.94,88.04
2016-05-06 00:00:00-04:00,673.96,144.63,75.01,50.39,88.53
2016-05-09 00:00:00-04:00,679.75,143.02,75.35,50.07,88.57
2016-05-10 00:00:00-04:00,703.07,144.82,76.37,51.02,89.98
2016-05-11 00:00:00-04:00,713.33,142.83,76.17,51.05,88.83
2016-05-12 00:00:00-04:00,717.93,143.32,77.33,51.51,89.6799
2016-05-13 00:00:00-04:00,709.92,141.43,77.19,51.08,88.65
2016-05-16 00:00:00-04:00,710.66,141.79,77.21,51.83,89.56
2016-05-17 00:00:00-04:00,695.0,140.26,75.41,50.51,89.52
2016-05-18 00:00:00-04:00,697.45,141.43,75.03,50.81,89.33
2016-05-19 00:00:00-04:00,698.53,140.77,75.25,50.32,90.11
2016-05-20 00:00:00-04:00,702.77,141.79,74.29,50.63,89.73
2016-05-23 00:00:00-04:00,696.79,141.56,74.43,50.03,89.6
2016-05-24 00:00:00-04:00,704.2,143.69,74.65,51.59,89.69
2016-05-25 00:00:00-04:00,708.5,144.0,74.745,52.14,90.24
2016-05-26 00:00:00-04:00,714.91,143.07,75.35,51.89,89.8
2016-05-27 00:00:00-04:00,712.13,143.3,74.49,52.31,90.02
2016-05-31 00:00:00-04:00,722.79,141.25,74.37,53.0,88.97
2016-06-01 00:00:00-04:00,719.42,141.96,74.9,52.85,89.23
2016-06-02 00:00:00-04:00,728.28,142.06,74.54,52.48,88.5
2016-06-03 00:00:00-04:00,725.54,141.13,75.13,51.79,88.36
2016-06-06 00:00:00-04:00,726.72,141.84,74.52,52.14,89.33
2016-06-07 00:00:00-04:00,723.79,141.47,75.17,52.1,90.73
2016-06-08 00:00:00-04:00,726.65,142.51,76.06,52.04,90.78
2016-06-09 00:00:00-04:00,727.66,142.26,77.7,51.62,90.68
2016-06-10 00:00:00-04:00,718.02,141.79,78.14,51.49,90.0
2016-06-13 00:00:00-04:00,715.25,140.97,76.88,50.15,90.61
2016-06-14 00:00:00-04:00,719.3,141.37,76.89,49.82,90.43
2016-06-15 00:00:00-04:00,714.27,140.46,76.32,49.7,90.1899
2016-06-16 00:00:00-04:00,717.36,142.0,77.02,50.39,91.25
2016-06-17 00:00:00-04:00,706.36,140.74,76.76,50.12,90.75
2016-06-20 00:00:00-04:00,714.01,141.71,76.85,50.07,91.12
2016-06-21 00:00:00-04:00,715.82,143.53,77.3,51.19,91.5
2016-06-22 00:00:00-04:00,710.6,143.95,77.34,51.0,91.17
2016-06-23 00:00:00-04:00,722.08,145.97,77.83,51.9,91.79
2016-06-24 00:00:00-04:00,699.0,139.71,77.19,49.76,89.41
2016-06-27 00:00:00-04:00,691.41,138.44,76.82,48.43,88.91
2016-06-28 00:00:00-04:00,707.96,140.28,76.15,49.44,90.91
2016-06-29 00:00:00-04:00,715.46,142.08,77.58,50.54,92.43
2016-06-30 00:00:00-04:00,715.81,144.78,81.66,51.17,93.74
2016-07-01 00:00:00-04:00,725.62,143.82,81.6,51.16,93.79
2016-07-05 00:00:00-04:00,728.11,142.08,82.27,51.16,92.98
2016-07-06 00:00:00-04:00,737.57,142.49,82.5,51.38,94.09
2016-07-07 00:00:00-04:00,736.58,141.85,82.2601,51.38,92.96
2016-07-08 00:00:00-04:00,745.82,143.55,82.62,52.3,93.5
2016-07-11 00:00:00-04:00,753.78,143.86,81.69,52.59,93.86
2016-07-12 00:00:00-04:00,748.21,144.68,81.52,53.21,94.9
2016-07-13 00:00:00-04:00,742.74,145.93,83.1,53.5111,94.86
2016-07-14 00:00:00-04:00,741.19,145.68,85.31,53.73,94.93
2016-07-15 00:00:00-04:00,735.43,145.94,86.0,53.69,95.06
2016-07-18 00:00:00-04:00,736.07,146.555,85.62,53.97,94.85
2016-07-19 00:00:00-04:00,740.06,146.93,86.98,53.0557,94.49
2016-07-20 00:00:00-04:00,745.72,146.15,82.19,55.9,93.93
2016-07-21 00:00:00-04:00,744.37,144.31,82.47,55.81,93.83
2016-07-22 00:00:00-04:00,744.86,144.52,82.85,56.57,93.9999
2016-07-25 00:00:00-04:00,739.68,144.12,83.51,56.73,92.24
2016-07-26 00:00:00-04:00,735.59,144.28,82.83,56.76,91.54
2016-07-27 00:00:00-04:00,736.73,144.31,81.28,56.19,90.92
2016-07-28 00:00:00-04:00,752.6,144.41,81.79,56.21,90.16
2016-07-29 00:00:00-04:00,758.75,144.16,82.66,56.69,88.87
2016-08-01 00:00:00-04:00,767.62,143.89,82.35,56.58,85.92
2016-08-02 00:00:00-04:00,760.57,143.32,81.89,56.58,87.05
2016-08-03 00:00:00-04:00,754.55,143.54,81.04,56.96,87.46
2016-08-04 00:00:00-04:00,760.73,143.21,82.44,57.39,87.47
2016-08-05 00:00:00-04:00,765.86,145.52,82.725,57.95,87.52
2016-08-08 00:00:00-04:00,766.56,145.4499,82.92,58.06,88.55
2016-08-09 00:00:00-04:00,768.32,147.3,83.005,58.2,88.73
2016-08-10 00:00:00-04:00,768.44,146.73,82.95,58.02,86.41
2016-08-11 00:00:00-04:00,771.28,147.7,83.47,58.3,86.72
2016-08-12 00:00:00-04:00,772.56,147.64,83.53,57.94,87.8
2016-08-15 00:00:00-04:00,768.49,147.78,83.38,58.13,87.81
2016-08-16 00:00:00-04:00,764.04,147.29,82.46,57.43,87.94
2016-08-17 00:00:00-04:00,764.57,149.055,82.57,57.56,88.08
2016-08-18 00:00:00-04:00,764.28,148.75,83.02,57.6,88.89
2016-08-19 00:00:00-04:00,757.11,148.69,83.08,57.62,87.8
2016-08-22 00:00:00-04:00,759.48,148.47,83.055,57.66,88.01
2016-08-23 00:00:00-04:00,762.44,148.79,82.72,57.9,87.72
2016-08-24 00:00:00-04:00,757.55,148.48,82.36,57.97,88.03
2016-08-25 00:00:00-04:00,759.38,148.71,82.83,58.19,87.5
2016-08-26 00:00:00-04:00,769.04,148.01,82.37,58.04,87.29
2016-08-29 00:00:00-04:00,771.29,149.33,83.14,58.1,87.87
2016-08-30 00:00:00-04:00,767.58,150.22,81.81,57.89,87.54
2016-08-31 00:00:00-04:00,769.16,150.43,82.21,57.47,87.12
2016-09-01 00:00:00-04:00,770.64,150.281,81.68,57.59,86.82
2016-09-02 00:00:00-04:00,772.45,150.7101,82.43,57.67,87.4
2016-09-06 00:00:00-04:00,788.86,150.415,82.55,57.6,88.6
2016-09-07 00:00:00-04:00,784.55,149.58,80.8,57.65,88.23
2016-09-08 00:00:00-04:00,784.12,149.72,79.98,57.42,89.05
2016-09-09 00:00:00-04:00,760.19,146.66,77.13,56.22,86.845
2016-09-12 00:00:00-04:00,771.51,149.0,79.14,57.05,87.29
2016-09-13 00:00:00-04:00,761.01,146.17,78.14,56.53,85.21
2016-09-14 00:00:00-04:00,761.0,145.839,78.08,56.26,84.58
2016-09-15 00:00:00-04:00,769.69,146.65,78.25,57.19,85.07
2016-09-16 00:00:00-04:00,778.52,145.06,78.01,57.24,84.02
2016-09-19 00:00:00-04:00,775.1,145.25,78.16,56.93,83.83
2016-09-20 00:00:00-04:00,780.31,144.92,77.28,56.82,82.55
2016-09-21 00:00:00-04:00,789.74,146.45,77.57,57.75,83.28
2016-09-22 00:00:00-04:00,804.53,146.46,78.22,57.79,83.52
2016-09-23 00:00:00-04:00,805.75,145.03,77.72,57.44,83.47
2016-09-26 00:00:00-04:00,799.16,144.23,77.42,56.92,83.07
2016-09-27 00:00:00-04:00,816.14,145.29,77.39,57.97,83.23
2016-09-28 00:00:00-04:00,828.71,145.25,77.82,58.01,86.93
2016-09-29 00:00:00-04:00,829.05,143.5274,77.26,57.4,86.47
2016-09-30 00:00:00-04:00,837.29,144.41,77.46,57.59,87.29
2016-10-03 00:00:00-04:00,836.9162,143.68,77.21,57.41,87.03
2016-10-04 00:00:00-04:00,834.1,143.15,76.15,57.24,86.2758
2016-10-05 00:00:00-04:00,844.36,144.1,76.18,57.64,86.98
2016-10-06 00:00:00-04:00,841.7,143.87,75.96,57.74,87.06
2016-10-07 00:00:00-04:00,839.41,144.54,76.345,57.79,86.73
2016-10-10 00:00:00-04:00,841.58,145.21,76.47,58.05,88.44
2016-10-11 00:00:00-04:00,830.83,143.99,76.05,57.18,87.76
2016-10-12 00:00:00-04:00,834.1,144.97,76.46,57.11,87.12
2016-10-13 00:00:00-04:00,829.46,143.2,75.79,56.92,86.6
2016-10-14 00:00:00-04:00,823.0,144.2,75.5,57.43,86.55
2016-10-17 00:00:00-04:00,812.94,143.77,74.99,57.21,86.53
2016-10-18 00:00:00-04:00,817.64,144.27,75.35,57.65,86.76
2016-10-19 00:00:00-04:00,817.68,144.89,74.94,57.56,87.2
2016-10-20 00:00:00-04:00,810.31,144.5,74.23,57.24,87.2
2016-10-21 00:00:00-04:00,819.0,143.62,74.34,59.68,86.62
2016-10-24 00:00:00-04:00,838.09,143.69,74.24,60.99,86.9
2016-10-25 00:00:00-04:00,835.12,143.45,74.23,61.01,86.74
2016-10-26 00:00:00-04:00,822.57,143.95,74.07,60.63,87.1
2016-10-27 00:00:00-04:00,818.86,144.46,74.17,60.11,86.93
2016-10-28 00:00:00-04:00,776.3,144.05,74.65,59.87,84.78
2016-10-31 00:00:00-04:00,789.91,144.29,75.14,59.93,83.31
2016-11-01 00:00:00-04:00,785.23,143.59,75.23,59.8,83.69
2016-11-02 00:00:00-04:00,765.55,143.22,75.09,59.43,83.46
2016-11-03 00:00:00-04:00,766.83,143.6901,73.96,59.2,83.66
2016-11-04 00:00:00-04:00,755.12,142.98,73.68,58.71,83.6
2016-11-07 00:00:00-05:00,784.935,146.9,74.945,60.42,85.44
2016-11-08 00:00:00-05:00,787.76,147.79,76.96,60.47,85.33
2016-11-09 00:00:00-05:00,771.88,151.29,74.86,60.17,86.24
2016-11-10 00:00:00-05:00,742.36,156.24,72.65,58.71,87.07
2016-11-11 00:00:00-05:00,739.01,156.82,72.465,59.02,85.64
2016-11-14 00:00:00-05:00,719.07,158.07,72.53,58.12,85.285
2016-11-15 00:00:00-05:00,743.32,157.52,73.39,58.87,86.81
2016-11-16 00:00:00-05:00,746.44,157.06,73.25,59.64,85.74
2016-11-17 00:00:00-05:00,756.4,158.38,73.45,60.64,85.22
2016-11-18 00:00:00-05:00,760.17,157.8,73.06,60.37,85.27
2016-11-21 00:00:00-05:00,780.0,158.71,73.38,60.87,86.49
2016-11-22 00:00:00-05:00,785.34,158.61,74.5,61.11,86.67
2016-11-23 00:00:00-05:00,780.12,158.05,73.39,60.4,86.92
2016-11-25 00:00:00-05:00,780.5,158.08,74.16,60.53,87.1089
2016-11-28 00:00:00-05:00,766.84,156.99,73.88,60.63,86.49
2016-11-29 00:00:00-05:00,762.48,157.74,73.61,61.11,85.92
2016-11-30 00:00:00-05:00,750.59,157.53,72.0,60.26,87.31
2016-12-01 00:00:00-05:00,743.66,160.17,70.95,59.18,87.25
2016-12-02 00:00:00-05:00,740.34,159.41,71.17,59.26,87.05
2016-12-05 00:00:00-05:00,759.36,160.175,71.66,60.21,87.42
2016-12-06 00:00:00-05:00,764.68,161.3,71.97,59.95,87.56
2016-12-07 00:00:00-05:00,770.42,164.38,72.65,61.36,88.03
2016-12-08 00:00:00-05:00,767.28,164.01,72.08,61.0,88.312
2016-12-09 00:00:00-05:00,768.65,164.86,73.11,61.98,89.0
2016-12-12 00:00:00-05:00,759.8275,166.12,73.795,62.17,90.99
2016-12-13 00:00:00-05:00,774.33,166.58,73.95,62.98,92.58
2016-12-14 00:00:00-05:00,768.81,165.03,73.12,62.69,90.59
2016-12-15 00:00:00-05:00,760.66,165.64,73.41,62.57,90.87
2016-12-16 00:00:00-05:00,757.77,164.68,73.28,62.3,91.15
2016-12-19 00:00:00-05:00,766.08,165.38,72.92,63.62,90.42
2016-12-20 00:00:00-05:00,771.21,166.32,73.25,63.54,90.43
2016-12-21 00:00:00-05:00,770.61,165.88,73.16,63.55,90.32
2016-12-22 00:00:00-05:00,766.26,165.99,73.66,63.55,90.86
2016-12-23 00:00:00-05:00,760.58,165.2201,73.57,63.24,90.7
2016-12-27 00:00:00-05:00,771.4,164.91,73.85,63.27,90.74
2016-12-28 00:00:00-05:00,772.14,163.67,73.44,62.99,90.31
2016-12-29 00:00:00-05:00,765.15,163.1,73.97,62.9,90.32
2016-12-30 00:00:00-05:00,750.03,163.05,73.72,62.15,90.27
2017-01-03 00:00:00-05:00,753.66,163.78,73.38,62.57,90.88
2017-01-04 00:00:00-05:00,757.18,164.01,73.19,62.3,89.88
2017-01-05 00:00:00-05:00,780.45,163.31,73.12,62.3,88.54
2017-01-06 00:00:00-05:00,795.99,163.51,73.14,62.84,88.52
2017-01-09 00:00:00-05:00,796.92,162.19,72.14,62.65,87.08
2017-01-10 00:00:00-05:00,795.9,161.5,71.7,62.62,85.95
2017-01-11 00:00:00-05:00,799.01,162.22,71.88,63.16,86.79
2017-01-12 00:00:00-05:00,813.51,161.36,71.92,62.61,86.34
2017-01-13 00:00:00-05:00,817.24,161.87,71.39,62.685,86.35
2017-01-17 00:00:00-05:00,809.54,159.56,72.03,62.52,87.35
2017-01-18 00:00:00-05:00,807.48,160.51,71.98,62.49,86.28
2017-01-19 00:00:00-05:00,808.92,159.41,71.78,62.29,84.71
2017-01-20 00:00:00-05:00,808.27,160.22,72.2,62.73,85.88
2017-01-23 00:00:00-05:00,817.9,158.83,72.28,62.98,85.0
2017-01-24 00:00:00-05:00,822.44,160.72,72.595,63.52,85.1
2017-01-25 00:00:00-05:00,836.66,164.32,72.3,63.68,85.37
2017-01-26 00:00:00-05:00,839.13,164.92,72.08,64.28,85.6
2017-01-27 00:00:00-05:00,835.76,164.41,73.0,65.78,85.49
2017-01-30 00:00:00-05:00,830.37,164.74,72.67,65.12,84.81
2017-01-31 00:00:00-05:00,823.28,164.14,72.72,64.65,83.89
2017-02-01 00:00:00-05:00,832.27,163.53,71.88,63.57,82.95
2017-02-02 00:00:00-05:00,839.95,162.96,72.79,63.13,83.45
2017-02-03 00:00:00-05:00,810.08,163.92,73.36,63.67,83.53
2017-02-06 00:00:00-05:00,807.61,163.35,72.34,63.63,83.31
2017-02-07 00:00:00-05:00,812.45,162.85,72.85,63.42,82.73
2017-02-08 00:00:00-05:00,819.7,162.8,73.49,63.33,81.48
2017-02-09 00:00:00-05:00,821.27,164.05,76.43,64.05,81.83
2017-02-10 00:00:00-05:00,827.47,164.04,76.02,64.0,82.52
2017-02-13 00:00:00-05:00,836.52,165.86,75.6,64.71,83.01
2017-02-14 00:00:00-05:00,836.39,166.91,75.94,64.57,82.82
2017-02-15 00:00:00-05:00,842.72,167.26,76.04,64.53,83.145
2017-02-16 00:00:00-05:00,844.12,167.7,74.72,64.51,82.29
2017-02-17 00:00:00-05:00,845.06,168.53,72.89,64.61,81.72
2017-02-21 00:00:00-05:00,856.44,168.82,74.74,64.46,81.88
2017-02-22 00:00:00-05:00,855.6,169.54,74.49,64.36,80.92
2017-02-23 00:00:00-05:00,852.19,170.1,74.82,64.62,81.77
2017-02-24 00:00:00-05:00,845.23,170.12,75.22,64.62,81.06
2017-02-27 00:00:00-05:00,848.64,170.59,73.87,64.22,81.55
2017-02-28 00:00:00-05:00,845.04,171.65,74.07,63.98,81.32
2017-03-01 00:00:00-05:00,853.08,177.25,74.84,64.93,83.01
2017-03-02 00:00:00-05:00,848.87,175.82,75.01,64.0,83.3
2017-03-03 00:00:00-05:00,849.85,175.51,74.47,64.23,82.46
2017-03-06 00:00:00-05:00,846.6,175.45,74.21,64.27,82.82
2017-03-07 00:00:00-05:00,845.93,175.28,74.15,64.4,82.51
2017-03-08 00:00:00-05:00,850.54,175.03,73.86,64.99,81.03
2017-03-09 00:00:00-05:00,853.0,175.37,74.1,64.74,81.68
2017-03-10 00:00:00-05:00,852.2,175.12,74.205,64.95,81.63
2017-03-13 00:00:00-04:00,854.5,175.5,74.14,64.71,81.43
2017-03-14 00:00:00-04:00,852.11,174.71,74.22,64.39,81.0
2017-03-15 00:00:00-04:00,852.85,174.63,74.74,64.73,82.0
2017-03-16 00:00:00-04:00,853.37,173.96,74.75,64.64,82.06
2017-03-17 00:00:00-04:00,852.31,172.69,75.07,64.85,81.98
2017-03-20 00:00:00-04:00,856.98,172.04,75.12,64.93,82.0
2017-03-21 00:00:00-04:00,843.19,169.47,73.58,64.21,81.82
2017-03-22 00:00:00-04:00,848.07,169.22,72.7,65.05,81.77
2017-03-23 00:00:00-04:00,847.56,169.845,73.11,64.87,81.85
2017-03-24 00:00:00-04:00,845.61,168.72,72.99,64.99,81.26
2017-03-27 00:00:00-04:00,846.83,167.41,72.56,65.1,81.24
2017-03-28 00:00:00-04:00,856.0,168.35,72.675,65.29,81.85
2017-03-29 00:00:00-04:00,874.32,166.54,73.08,65.48,82.03
2017-03-30 00:00:00-04:00,876.35,167.37,72.54,65.71,83.68
2017-03-31 00:00:00-04:00,886.55,166.59,72.61,65.87,82.0
2017-04-03 00:00:00-04:00,891.52,166.86,72.4,65.55,82.08
2017-04-04 00:00:00-04:00,906.86,166.82,72.26,65.73,82.35
2017-04-05 00:00:00-04:00,909.33,165.74,72.74,65.56,82.53
2017-04-06 00:00:00-04:00,898.28,166.52,72.42,65.73,83.02
2017-04-07 00:00:00-04:00,894.88,166.13,72.61,65.69,82.78
2017-04-10 00:00:00-04:00,907.04,166.29,72.265,65.53,83.12
2017-04-11 00:00:00-04:00,902.66,165.67,72.15,65.5,82.85
2017-04-12 00:00:00-04:00,896.3,164.99,72.32,65.22,82.96
2017-04-13 00:00:00-04:00,884.67,162.9,71.935,64.96,81.7
2017-04-17 00:00:00-04:00,902.02,164.41,72.305,65.47,81.59
2017-04-18 00:00:00-04:00,903.76,163.65,72.98,65.39,81.05
2017-04-19 00:00:00-04:00,899.03,162.72,72.66,65.03,80.47
2017-04-20 00:00:00-04:00,902.06,164.98,72.785,65.5,81.06
2017-04-21 00:00:00-04:00,898.53,163.45,72.42,66.41,80.69
2017-04-24 00:00:00-04:00,907.35,165.73,72.78,67.53,81.1
2017-04-25 00:00:00-04:00,907.63,167.5,72.36,67.92,81.73
2017-04-26 00:00:00-04:00,909.28,167.64,71.52,67.82,81.41
2017-04-27 00:00:00-04:00,919.0,166.69,70.97,68.29,81.28
2017-04-28 00:00:00-04:00,925.0,165.13,71.01,68.46,81.625
2017-05-01 00:00:00-04:00,948.43,165.57,70.16,69.43,82.15
2017-05-02 00:00:00-04:00,946.94,166.0,69.02,69.3,82.0
2017-05-03 00:00:00-04:00,941.02,166.66,68.94,69.08,82.655
2017-05-04 00:00:00-04:00,937.53,166.35,70.39,68.81,81.64
2017-05-05 00:00:00-04:00,934.15,166.55,70.69,68.99,82.02
2017-05-08 00:00:00-04:00,949.02,164.58,72.7,68.94,82.88
2017-05-09 00:00:00-04:00,952.8,163.42,70.88,69.03,82.31
2017-05-10 00:00:00-04:00,948.95,163.79,71.06,69.31,81.88
2017-05-11 00:00:00-04:00,947.61,163.3,70.68,68.46,82.62
2017-05-12 00:00:00-04:00,961.63,163.2,70.83,68.38,82.53
2017-05-15 00:00:00-04:00,958.3,163.775,71.01,68.43,82.81
2017-05-16 00:00:00-04:00,966.08,163.59,70.34,69.41,82.53
2017-05-17 00:00:00-04:00,944.89,161.62,70.54,67.45,82.02
2017-05-18 00:00:00-04:00,958.55,161.64,70.06,67.72,81.76
2017-05-19 00:00:00-04:00,960.0,163.16,71.02,67.69,81.94
2017-05-22 00:00:00-04:00,970.68,165.13,71.31,68.45,82.26
2017-05-23 00:00:00-04:00,971.54,165.47,71.62,68.69,82.6
2017-05-24 00:00:00-04:00,980.35,164.85,72.54,68.77,82.29
2017-05-25 00:00:00-04:00,993.39,165.28,72.68,69.62,81.75
2017-05-26 00:00:00-04:00,995.76,165.6,72.615,69.96,81.53
2017-05-30 00:00:00-04:00,996.76,165.11,71.7,70.41,81.11
2017-05-31 00:00:00-04:00,994.63,165.27,71.6,69.87,80.51
2017-06-01 00:00:00-04:00,996.92,166.66,72.93,70.12,80.7
2017-06-02 00:00:00-04:00,1006.78,166.18,72.96,71.75,79.43
2017-06-05 00:00:00-04:00,1011.17,166.58,72.95,72.28,80.12
2017-06-06 00:00:00-04:00,1003.0,166.14,72.87,72.52,81.22
2017-06-07 00:00:00-04:00,1010.08,166.43,73.135,72.39,80.91
2017-06-08 00:00:00-04:00,1010.39,166.905,72.26,71.93,80.62
2017-06-09 00:00:00-04:00,977.27,169.96,72.68,70.32,82.1
2017-06-12 00:00:00-04:00,964.92,170.54,73.05,69.78,82.935
2017-06-13 00:00:00-04:00,980.8,171.45,73.29,70.65,82.96
2017-06-14 00:00:00-04:00,976.2,171.39,73.48,70.27,82.08
2017-06-15 00:00:00-04:00,964.0,170.49,73.1,69.9,82.25
2017-06-16 00:00:00-04:00,987.61,170.53,71.89,69.99,83.45
2017-06-19 00:00:00-04:00,995.13,171.42,71.75,70.87,82.74
2017-06-20 00:00:00-04:00,992.58,170.61,71.08,69.9,82.32
2017-06-21 00:00:00-04:00,1001.79,169.68,70.48,70.27,81.46
2017-06-22 00:00:00-04:00,1001.39,168.39,70.405,70.26,81.089
2017-06-23 00:00:00-04:00,1003.74,167.16,70.56,71.23,81.595
2017-06-26 00:00:00-04:00,993.99,167.47,70.98,70.52,81.24
2017-06-27 00:00:00-04:00,977.41,167.44,69.33,69.21,81.13
2017-06-28 00:00:00-04:00,990.03,169.78,69.53,69.8,81.53
2017-06-29 00:00:00-04:00,975.91,169.36,68.68,68.5,80.65
2017-06-30 00:00:00-04:00,968.0,169.44,69.46,68.94,80.72
2017-07-03 00:00:00-04:00,953.66,171.62,68.75,68.16,82.1
2017-07-05 00:00:00-04:00,971.2,171.81,67.7,69.09,80.84
2017-07-06 00:00:00-04:00,965.14,170.27,66.55,68.58,80.12
2017-07-07 00:00:00-04:00,978.66,171.1,66.54,69.45,80.21
2017-07-10 00:00:00-04:00,996.33,170.13,65.88,69.98,80.2
2017-07-11 00:00:00-04:00,994.1,169.23,65.36,70.0,80.62
2017-07-12 00:00:00-04:00,1006.5,169.97,65.74,71.15,81.0
2017-07-13 00:00:00-04:00,999.84,169.76,66.02,71.77,81.015
2017-07-14 00:00:00-04:00,1001.9,169.5,66.37,72.77,81.26
2017-07-17 00:00:00-04:00,1010.05,170.08,66.76,73.35,80.865
2017-07-18 00:00:00-04:00,1024.3,170.39,66.26,73.29,80.59
2017-07-19 00:00:00-04:00,1026.88,171.14,66.35,73.85,80.82
2017-07-20 00:00:00-04:00,1029.2,171.47,66.76,74.25,80.88
2017-07-21 00:00:00-04:00,1024.93,171.29,67.23,73.75,80.13
2017-07-24 00:00:00-04:00,1038.48,171.79,66.83,73.61,79.9
2017-07-25 00:00:00-04:00,1040.13,172.97,67.58,74.199,80.28
2017-07-26 00:00:00-04:00,1053.2,173.05,67.32,74.05,80.39
2017-07-27 00:00:00-04:00,1044.98,173.02,67.7,73.15,80.87
2017-07-28 00:00:00-04:00,1020.01,173.99,67.66,73.03,79.6
2017-07-31 00:00:00-04:00,987.5,175.07,67.98,72.72,80.04
2017-08-01 00:00:00-04:00,996.19,176.29,67.5,72.55,80.15
2017-08-02 00:00:00-04:00,995.32,177.79,67.47,72.245,80.59
2017-08-03 00:00:00-04:00,987.1407,178.94,70.37,72.14,80.46
2017-08-04 00:00:00-04:00,987.41,179.79,69.61,72.66,80.17
2017-08-07 00:00:00-04:00,991.8,178.0,70.09,72.4,80.16
2017-08-08 00:00:00-04:00,989.78,176.44,69.2,72.78,79.96
2017-08-09 00:00:00-04:00,982.22,178.04,69.04,72.45,80.2
2017-08-10 00:00:00-04:00,956.54,176.35,68.72,71.42,78.98
2017-08-11 00:00:00-04:00,968.2,175.4,68.81,72.51,78.24
2017-08-14 00:00:00-04:00,983.25,177.2,69.85,73.59,78.222
2017-08-15 00:00:00-04:00,982.68,177.55,69.83,73.23,78.08
2017-08-16 00:00:00-04:00,978.02,178.59,70.08,73.66,77.47
2017-08-17 00:00:00-04:00,960.57,177.21,70.12,72.41,76.28
2017-08-18 00:00:00-04:00,958.61,177.52,69.95,72.5,76.64
2017-08-21 00:00:00-04:00,952.73,178.28,70.2,72.14,76.36
2017-08-22 00:00:00-04:00,966.77,180.44,70.02,73.15,76.75
2017-08-23 00:00:00-04:00,957.56,179.85,69.92,72.73,76.61
2017-08-24 00:00:00-04:00,952.52,178.38,67.9,72.7,76.32
2017-08-25 00:00:00-04:00,945.0,179.69,67.72,72.83,76.74
2017-08-28 00:00:00-04:00,945.999,178.66,66.77,72.83,76.45
2017-08-29 00:00:00-04:00,954.06,178.6,66.3,73.06,76.43
2017-08-30 00:00:00-04:00,967.56,180.26,66.05,74.0,76.0863
2017-08-31 00:00:00-04:00,980.66,181.05,65.46,74.78,76.32
2017-09-01 00:00:00-04:00,978.27,180.69,65.43,73.92,76.52
2017-09-05 00:00:00-04:00,965.24,177.0,66.41,73.63,77.19
2017-09-06 00:00:00-04:00,967.95,176.89,67.83,73.4,78.84
2017-09-07 00:00:00-04:00,979.581,173.98,67.76,74.36,79.02
2017-09-08 00:00:00-04:00,965.8,175.54,68.48,74.0,78.8
2017-09-11 00:00:00-04:00,977.96,177.91,68.79,74.74,79.235
2017-09-12 00:00:00-04:00,982.57,178.69,68.47,74.67,79.49
2017-09-13 00:00:00-04:00,999.6,178.86,67.99,75.2,79.73
2017-09-14 00:00:00-04:00,992.2,178.76,67.62,74.77,80.13
2017-09-15 00:00:00-04:00,986.95,180.02,68.32,75.29,80.04
2017-09-18 00:00:00-04:00,973.56,181.46,68.62,75.16,80.11
2017-09-19 00:00:00-04:00,969.19,182.99,65.87,75.44,80.2
2017-09-20 00:00:00-04:00,973.1,183.8,64.725,74.92,80.51
2017-09-21 00:00:00-04:00,964.82,183.18,63.93,74.22,79.9
2017-09-22 00:00:00-04:00,954.63,181.82,63.33,74.36,79.9
2017-09-25 00:00:00-04:00,939.77,182.47,64.0,73.27,80.97
2017-09-26 00:00:00-04:00,938.59,182.0,63.43,73.3,80.89
2017-09-27 00:00:00-04:00,950.88,183.26,63.05,73.85,81.43
2017-09-28 00:00:00-04:00,956.4,183.13,62.81,73.86,82.2
2017-09-29 00:00:00-04:00,960.49,183.17,62.35,74.45,81.98
2017-10-02 00:00:00-04:00,958.79,185.39,62.72,74.6,81.65
2017-10-03 00:00:00-04:00,957.06,185.75,62.03,74.27,81.73
2017-10-04 00:00:00-04:00,965.47,185.83,62.43,74.68,81.78
2017-10-05 00:00:00-04:00,981.14,187.11,62.72,75.97,82.07
2017-10-06 00:00:00-04:00,989.51,187.36,62.41,75.99,81.7
2017-10-09 00:00:00-04:00,990.99,187.48,61.04,76.3,82.01
2017-10-10 00:00:00-04:00,987.2,188.01,61.47,76.31,82.26
2017-10-11 00:00:00-04:00,995.0,187.43,61.25,76.41,82.63
2017-10-12 00:00:00-04:00,1001.07,186.21,62.39,77.13,82.41
2017-10-13 00:00:00-04:00,1003.44,187.36,61.95,77.5,82.43
2017-10-16 00:00:00-04:00,1006.34,187.985,61.91,77.66,82.8
2017-10-17 00:00:00-04:00,1008.99,187.41,61.76,77.57,82.95
2017-10-18 00:00:00-04:00,996.99,187.83,61.79,77.64,82.76
2017-10-19 00:00:00-04:00,986.6,187.19,61.72,77.92,82.75
2017-10-20 00:00:00-04:00,982.91,188.97,61.46,78.8,83.1
2017-10-23 00:00:00-04:00,966.34,189.44,61.57,78.85,83.27
2017-10-24 00:00:00-04:00,976.0,189.79,61.2,78.86,83.49
2017-10-25 00:00:00-04:00,972.91,188.71,60.545,78.64,83.17
2017-10-26 00:00:00-04:00,972.54,188.59,60.54,78.75,83.45
2017-10-27 00:00:00-04:00,1100.99,188.6,60.26,83.82,83.66
2017-10-30 00:00:00-04:00,1110.85,187.87,58.85,83.84,83.53
2017-10-31 00:00:00-04:00,1105.67,186.89,62.53,83.18,83.36
2017-11-01 00:00:00-04:00,1103.5,187.15,63.01,83.16,83.87
2017-11-02 00:00:00-04:00,1094.0,188.74,62.36,84.06,83.53
2017-11-03 00:00:00-04:00,1111.55,187.25,61.96,84.13,83.19
2017-11-06 00:00:00-05:00,1120.46,186.69,60.2,84.48,83.76
2017-11-07 00:00:00-05:00,1123.14,186.26,60.83,84.26,83.57
2017-11-08 00:00:00-05:00,1132.86,184.57,62.82,84.57,83.46
2017-11-09 00:00:00-05:00,1129.0,184.49,63.3,84.09,83.97
2017-11-10 00:00:00-05:00,1125.34,183.71,64.69,83.86,82.97
2017-11-13 00:00:00-05:00,1129.21,184.39,63.74,83.93,82.89
2017-11-14 00:00:00-05:00,1136.84,183.34,65.17,84.05,82.24
2017-11-15 00:00:00-05:00,1127.09,181.92,63.73,82.99,81.22
2017-11-16 00:00:00-05:00,1136.95,182.05,65.27,83.19,80.55
2017-11-17 00:00:00-05:00,1129.87,181.0,65.37,82.37,80.24
2017-11-20 00:00:00-05:00,1126.56,181.7,65.57,82.54,80.55
2017-11-21 00:00:00-05:00,1139.58,183.25,64.33,83.73,80.89
2017-11-22 00:00:00-05:00,1156.16,182.51,64.7,83.09,81.08
2017-11-24 00:00:00-05:00,1186.41,182.42,64.93,83.27,81.42
2017-11-27 00:00:00-05:00,1195.62,183.55,65.07,83.86,81.12
2017-11-28 00:00:00-05:00,1193.6,187.54,65.94,84.88,81.68
2017-11-29 00:00:00-05:00,1161.21,189.84,66.79,83.335,82.26
2017-11-30 00:00:00-05:00,1176.59,192.88,66.17,84.09,83.27
2017-12-01 00:00:00-05:00,1161.83,194.5,66.0,84.26,83.44
2017-12-04 00:00:00-05:00,1133.95,196.87,67.54,81.07,83.51
2017-12-05 00:00:00-05:00,1141.58,196.06,67.96,81.59,82.89
2017-12-06 00:00:00-05:00,1152.94,196.08,68.14,82.79,82.3
2017-12-07 00:00:00-05:00,1160.0,196.3,67.27,82.49,82.58
2017-12-08 00:00:00-05:00,1161.99,196.4,66.52,84.16,82.65
2017-12-11 00:00:00-05:00,1169.15,196.66,66.55,85.22,83.03
2017-12-12 00:00:00-05:00,1165.56,199.09,65.96,85.62,82.77
2017-12-13 00:00:00-05:00,1164.48,197.47,65.85,85.35,83.17
2017-12-14 00:00:00-05:00,1175.06,196.66,65.05,84.72,82.93
2017-12-15 00:00:00-05:00,1178.98,197.57,65.0,86.82,82.99
2017-12-18 00:00:00-05:00,1190.8,199.54,65.64,86.44,82.95
2017-12-19 00:00:00-05:00,1187.43,197.82,65.47,85.83,82.43
2017-12-20 00:00:00-05:00,1177.29,197.82,66.87,85.59,82.87
2017-12-21 00:00:00-05:00,1174.87,198.91,67.65,85.57,83.87
2017-12-22 00:00:00-05:00,1168.33,197.99,68.09,85.58,83.97
2017-12-26 00:00:00-05:00,1176.94,197.55,68.15,85.4,83.97
2017-12-27 00:00:00-05:00,1181.81,198.65,68.29,85.69,83.88
2017-12-28 00:00:00-05:00,1185.99,199.46,68.02,85.7,83.99
2017-12-29 00:00:00-05:00,1169.54,198.68,68.0,85.59,83.8
2018-01-02 00:00:00-05:00,1189.0,197.23,67.99,85.91,85.0457
2018-01-03 00:00:00-05:00,1202.74,199.76,67.66,86.33,86.7
2018-01-04 00:00:00-05:00,1209.64,200.63,68.72,87.12,86.81
2018-01-05 00:00:00-05:00,1229.07,201.17,68.93,88.11,86.69
2018-01-08 00:00:00-05:00,1246.95,202.74,69.15,88.22,87.08
2018-01-09 00:00:00-05:00,1253.12,203.07,68.77,88.23,86.81
2018-01-10 00:00:00-05:00,1254.29,205.56,67.02,87.81,86.07
2018-01-11 00:00:00-05:00,1276.77,206.67,65.97,88.06,86.91
2018-01-12 00:00:00-05:00,1305.2,210.2,64.7,89.59,87.51
2018-01-16 00:00:00-05:00,1305.16,210.41,65.94,88.38,86.93
2018-01-17 00:00:00-05:00,1295.0,214.21,66.5,90.15,88.02
2018-01-18 00:00:00-05:00,1293.22,213.26,65.81,90.12,87.44
2018-01-19 00:00:00-05:00,1294.58,213.26,66.62,90.0,87.14
2018-01-22 00:00:00-05:00,1327.45,215.95,67.17,91.61,88.29
2018-01-23 00:00:00-05:00,1363.05,215.69,66.95,91.89,88.31
2018-01-24 00:00:00-05:00,1357.51,215.73,67.33,91.84,88.57
2018-01-25 00:00:00-05:00,1377.31,215.2,67.92,92.32,88.39
2018-01-26 00:00:00-05:00,1401.19,217.13,68.34,94.04,88.98
2018-01-29 00:00:00-05:00,1417.68,215.45,67.76,93.87,88.02
2018-01-30 00:00:00-05:00,1438.19,214.31,67.94,92.77,86.79
2018-01-31 00:00:00-05:00,1451.39,214.57,68.1,95.2,87.32
2018-02-01 00:00:00-05:00,1388.71,217.32,68.31,94.24,89.11
2018-02-02 00:00:00-05:00,1429.87,208.52,65.45,91.76,84.29
2018-02-05 00:00:00-05:00,1390.0,196.65,64.09,88.0,79.72
2018-02-06 00:00:00-05:00,1442.84,201.37,65.16,91.34,78.35
2018-02-07 00:00:00-05:00,1415.15,200.14,64.24,89.58,76.93
2018-02-08 00:00:00-05:00,1350.51,191.33,65.99,84.99,76.0399
2018-02-09 00:00:00-05:00,1339.34,195.99,67.36,88.15,75.8
2018-02-12 00:00:00-05:00,1386.97,198.79,67.07,89.15,76.37
2018-02-13 00:00:00-05:00,1413.66,198.0,67.5,89.781,76.31
2018-02-14 00:00:00-05:00,1451.08,200.61,67.76,90.83,76.46
2018-02-15 00:00:00-05:00,1461.76,203.89,69.82,92.72,76.22
2018-02-16 00:00:00-05:00,1448.59,203.87,69.66,91.93,76.55
2018-02-20 00:00:00-05:00,1468.36,202.94,69.66,92.72,75.73
2018-02-21 00:00:00-05:00,1482.92,201.02,68.3,91.5,74.9
2018-02-22 00:00:00-05:00,1484.59,200.66,68.25,91.74,75.87
2018-02-23 00:00:00-05:00,1500.0,202.88,68.54,94.07,77.54
2018-02-26 00:00:00-05:00,1521.95,210.77,68.95,95.43,78.87
2018-02-27 00:00:00-05:00,1512.0,209.68,67.11,94.21,77.52
2018-02-28 00:00:00-05:00,1512.45,207.04,66.19,93.77,75.7
2018-03-01 00:00:00-05:00,1492.0,201.43,66.89,92.84,75.15
2018-03-02 00:00:00-05:00,1500.21,201.27,67.68,93.04,75.55
2018-03-05 00:00:00-05:00,1523.61,203.26,69.15,93.64,76.27
2018-03-06 00:00:00-05:00,1537.18,204.51,69.85,93.32,76.19
2018-03-07 00:00:00-05:00,1544.9,204.3448,69.31,93.86,74.28
2018-03-08 00:00:00-05:00,1551.67,205.25,69.63,94.43,74.13
2018-03-09 00:00:00-05:00,1578.94,212.92,70.25,96.54,74.54
2018-03-12 00:00:00-04:00,1598.5,212.0,69.84,96.76,75.25
2018-03-13 00:00:00-04:00,1588.13,209.17,69.64,94.42,74.53
2018-03-14 00:00:00-04:00,1591.0,207.0,69.01,93.85,73.64
2018-03-15 00:00:00-04:00,1582.75,207.82,66.99,94.18,74.43
2018-03-16 00:00:00-04:00,1571.69,206.59,66.37,94.49,74.93
2018-03-19 00:00:00-04:00,1545.58,203.93,66.36,92.96,74.17
2018-03-20 00:00:00-04:00,1586.52,204.8,66.24,93.14,74.0
2018-03-21 00:00:00-04:00,1582.93,204.85,63.68,92.48,75.02
2018-03-22 00:00:00-04:00,1544.92,197.64,63.37,89.8,73.5
2018-03-23 00:00:00-04:00,1495.55,192.35,62.96,87.13,72.89
2018-03-26 00:00:00-04:00,1555.87,199.32,64.14,93.77,74.02
2018-03-27 00:00:00-04:00,1497.12,196.12,64.39,89.48,73.69
2018-03-28 00:00:00-04:00,1429.19,196.58,63.89,89.38,72.83
2018-03-29 00:00:00-04:00,1445.96,199.51,65.0,91.25,74.62
2018-04-02 00:00:00-04:00,1371.92,194.95,63.13,88.67,73.2
2018-04-03 00:00:00-04:00,1392.05,197.95,63.36,89.72,75.01
2018-04-04 00:00:00-04:00,1410.58,200.11,64.92,92.27,74.89
2018-04-05 00:00:00-04:00,1451.75,200.82,64.56,92.38,76.01
2018-04-06 00:00:00-04:00,1405.21,195.49,64.22,90.22,74.87
2018-04-09 00:00:00-04:00,1405.91,195.42,64.47,90.78,74.89
2018-04-10 00:00:00-04:00,1436.26,197.88,63.62,92.89,77.07
2018-04-11 00:00:00-04:00,1427.29,195.26,63.35,91.87,77.42
2018-04-12 00:00:00-04:00,1448.48,198.16,62.625,93.6,77.2399
2018-04-13 00:00:00-04:00,1431.11,197.0,63.049,93.08,77.84
2018-04-16 00:00:00-04:00,1440.63,198.26,63.83,94.17,78.54
2018-04-17 00:00:00-04:00,1503.63,199.26,63.78,96.06,78.33
2018-04-18 00:00:00-04:00,1527.85,199.49,63.4,96.45,79.23
2018-04-19 00:00:00-04:00,1556.73,200.38,62.19,96.1,79.41
2018-04-20 00:00:00-04:00,1527.5,200.1,60.27,95.0,79.0
2018-04-23 00:00:00-04:00,1517.85,199.41,60.51,95.36,79.56
2018-04-24 00:00:00-04:00,1460.61,196.77,60.46,93.08,78.35
2018-04-25 00:00:00-04:00,1461.74,196.73,60.97,92.44,79.5
2018-04-26 00:00:00-04:00,1519.28,196.97,60.1,94.27,80.85
2018-04-27 00:00:00-04:00,1572.76,197.2,60.24,95.82,77.7608
2018-04-30 00:00:00-04:00,1566.13,193.62,58.89,93.52,77.78
2018-05-01 00:00:00-04:00,1582.26,195.07,58.67,94.98,76.91
2018-05-02 00:00:00-04:00,1570.53,193.32,56.65,93.51,76.77
2018-05-03 00:00:00-04:00,1570.8,191.54,58.15,94.07,76.535
2018-05-04 00:00:00-04:00,1580.99,195.83,59.8,95.16,76.9
2018-05-07 00:00:00-04:00,1599.86,197.12,60.49,96.24,77.71
2018-05-08 00:00:00-04:00,1592.39,196.22,60.29,95.84,78.1
2018-05-09 00:00:00-04:00,1606.87,199.81,60.31,96.83,79.94
2018-05-10 00:00:00-04:00,1609.42,201.02,61.04,97.9,81.75
2018-05-11 00:00:00-04:00,1603.32,199.27,61.4,97.71,81.27
2018-05-14 00:00:00-04:00,1602.0,199.14,61.65,98.04,81.89
2018-05-15 00:00:00-04:00,1576.5,197.32,61.23,97.32,81.79
2018-05-16 00:00:00-04:00,1587.75,197.84,61.49,97.15,82.01
2018-05-17 00:00:00-04:00,1581.37,197.38,61.18,96.18,81.89
2018-05-18 00:00:00-04:00,1574.5,196.0651,60.19,96.36,81.3
2018-05-21 00:00:00-04:00,1585.66,197.91,60.77,97.64,82.3
2018-05-22 00:00:00-04:00,1581.39,198.13,61.53,97.57,81.66
2018-05-23 00:00:00-04:00,1601.86,195.93,62.23,98.72,82.14
2018-05-24 00:00:00-04:00,1603.48,194.79,63.45,98.32,80.26
2018-05-25 00:00:00-04:00,1609.62,194.11,65.24,98.38,78.7
2018-05-29 00:00:00-04:00,1612.88,189.7744,64.57,98.01,78.4
2018-05-30 00:00:00-04:00,1625.87,194.11,65.98,98.91,81.51
2018-05-31 00:00:00-04:00,1630.14,191.5991,64.39,98.86,81.24
2018-06-01 00:00:00-04:00,1642.91,192.13,63.84,100.76,81.82
2018-06-04 00:00:00-04:00,1665.4,191.51,64.61,101.66,80.96
2018-06-05 00:00:00-04:00,1696.48,190.79,63.26,102.2,80.7
2018-06-06 00:00:00-04:00,1697.78,193.99,62.92,102.57,82.06
2018-06-07 00:00:00-04:00,1689.27,195.52,62.27,100.92,82.85
2018-06-08 00:00:00-04:00,1682.52,196.05,63.72,101.63,83.58
2018-06-11 00:00:00-04:00,1689.62,195.38,65.46,101.08,83.14
2018-06-12 00:00:00-04:00,1698.73,195.26,65.7,101.3,82.42
2018-06-13 00:00:00-04:00,1704.81,194.59,65.77,100.9,81.53
2018-06-14 00:00:00-04:00,1723.75,192.56,66.61,101.42,81.96
2018-06-15 00:00:00-04:00,1716.26,191.88,67.07,100.22,80.67
2018-06-18 00:00:00-04:00,1724.83,191.07,66.26,100.88,80.83
2018-06-19 00:00:00-04:00,1736.01,190.36,66.59,100.88,80.7
2018-06-20 00:00:00-04:00,1750.07,189.43,66.71,101.95,80.47
2018-06-21 00:00:00-04:00,1730.2,188.85,66.83,101.15,79.69
2018-06-22 00:00:00-04:00,1715.06,188.91,67.4,100.3,81.39
2018-06-25 00:00:00-04:00,1663.17,186.71,69.03,98.39,79.73
2018-06-26 00:00:00-04:00,1691.19,186.33,68.67,99.07,80.63
2018-06-27 00:00:00-04:00,1660.0,184.82,69.21,97.54,81.71
2018-06-28 00:00:00-04:00,1701.5,187.1,69.68,98.63,81.97
2018-06-29 00:00:00-04:00,1699.67,186.73,69.88,98.61,82.83
2018-07-02 00:00:00-04:00,1713.75,187.6,69.6,100.02,81.72
2018-07-03 00:00:00-04:00,1694.88,186.11,69.36,99.07,82.34
2018-07-05 00:00:00-04:00,1699.56,187.53,71.54,99.77,82.33
2018-07-06 00:00:00-04:00,1711.01,187.45,71.84,101.17,82.32
2018-07-09 00:00:00-04:00,1739.03,189.7,70.47,101.87,82.89
2018-07-10 00:00:00-04:00,1743.35,189.85,70.63,102.06,83.66
2018-07-11 00:00:00-04:00,1755.53,189.91,70.33,102.02,82.57
2018-07-12 00:00:00-04:00,1796.6,189.95,70.68,104.16,82.67
2018-07-13 00:00:00-04:00,1813.2,190.97,71.18,105.42,83.31
2018-07-16 00:00:00-04:00,1822.49,192.0,70.59,104.92,82.48
2018-07-17 00:00:00-04:00,1844.0,190.47,70.65,105.95,82.33
2018-07-18 00:00:00-04:00,1842.47,200.46,68.95,105.1,82.23
2018-07-19 00:00:00-04:00,1813.68,197.47,69.6,104.73,82.01
2018-07-20 00:00:00-04:00,1813.68,196.77,70.19,106.28,81.4
2018-07-23 00:00:00-04:00,1802.0,197.81,69.85,107.963,81.4
2018-07-24 00:00:00-04:00,1829.28,198.45,70.18,107.63,83.01
2018-07-25 00:00:00-04:00,1863.8,197.61,70.85,110.82,83.6
2018-07-26 00:00:00-04:00,1805.22,197.46,70.89,109.61,84.23
2018-07-27 00:00:00-04:00,1817.99,197.99,71.4,107.67,81.92
2018-07-30 00:00:00-04:00,1779.28,199.18,71.33,105.38,81.74
2018-07-31 00:00:00-04:00,1777.41,197.82,71.03,106.1,81.52
2018-08-01 00:00:00-04:00,1797.05,197.88,69.44,106.28,80.42
2018-08-02 00:00:00-04:00,1834.21,198.09,69.87,107.56,79.9157
2018-08-03 00:00:00-04:00,1822.93,200.4,72.14,108.03,80.16
2018-08-06 00:00:00-04:00,1847.68,206.22,72.2,108.13,80.16
2018-08-07 00:00:00-04:00,1862.7,208.86,71.9,108.87,81.28
2018-08-08 00:00:00-04:00,1886.52,208.91,71.02,109.48,80.72
2018-08-09 00:00:00-04:00,1898.13,209.0,71.31,109.67,80.3197
2018-08-10 00:00:00-04:00,1886.0,206.53,71.37,109.01,79.44
2018-08-13 00:00:00-04:00,1895.65,205.17,71.01,108.22,78.59
2018-08-14 00:00:00-04:00,1919.86,205.81,71.54,109.57,78.315
2018-08-15 00:00:00-04:00,1882.37,204.5,72.09,107.68,76.94
2018-08-16 00:00:00-04:00,1887.47,207.57,72.71,107.64,77.93
2018-08-17 00:00:00-04:00,1882.22,208.14,73.63,107.58,78.26
2018-08-20 00:00:00-04:00,1877.24,208.44,73.72,106.87,78.81
2018-08-21 00:00:00-04:00,1883.64,208.36,72.22,105.98,78.82
2018-08-22 00:00:00-04:00,1905.45,207.2,72.15,107.07,79.96
2018-08-23 00:00:00-04:00,1902.8,207.24,72.11,107.56,79.09
2018-08-24 00:00:00-04:00,1905.43,207.93,72.45,108.4,79.61
2018-08-27 00:00:00-04:00,1927.62,210.41,72.02,109.6,80.395
2018-08-28 00:00:00-04:00,1933.0,210.98,71.48,110.32,80.28
2018-08-29 00:00:00-04:00,1998.38,211.22,71.81,112.02,80.86
2018-08-30 00:00:00-04:00,2002.22,209.75,71.74,111.95,80.5
2018-08-31 00:00:00-04:00,2013.83,208.49,71.78,112.33,80.13
2018-09-04 00:00:00-04:00,2039.58,209.98,71.91,111.74,80.31
2018-09-05 00:00:00-04:00,1995.0,212.27,72.7,108.51,81.37
2018-09-06 00:00:00-04:00,1958.365,212.9,73.64,108.75,80.47
2018-09-07 00:00:00-04:00,1952.2,214.08,74.09,108.29,81.84
2018-09-10 00:00:00-04:00,1941.81,215.15,74.02,109.44,81.72
2018-09-11 00:00:00-04:00,1987.61,215.17,73.47,111.26,82.86
2018-09-12 00:00:00-04:00,1990.07,214.61,74.44,111.67,83.12
2018-09-13 00:00:00-04:00,1990.0,214.86,74.81,112.91,82.3
2018-09-14 00:00:00-04:00,1970.19,216.365,74.84,113.35,82.92
2018-09-17 00:00:00-04:00,1908.03,216.46,74.7,112.18,83.41
2018-09-18 00:00:00-04:00,1941.59,218.32,73.37,113.22,83.65
2018-09-19 00:00:00-04:00,1926.28,220.97,72.4,111.7,84.57
2018-09-20 00:00:00-04:00,1944.3,221.77,72.8,113.58,84.82
2018-09-21 00:00:00-04:00,1915.01,220.57,73.17,114.81,85.15
2018-09-24 00:00:00-04:00,1934.35,218.11,72.34,114.67,86.6
2018-09-25 00:00:00-04:00,1974.55,218.06,72.09,114.46,86.49
2018-09-26 00:00:00-04:00,1974.85,216.35,71.9,114.13,85.79
2018-09-27 00:00:00-04:00,2012.98,216.72,70.01,114.44,85.775
2018-09-28 00:00:00-04:00,2002.57,214.11,70.0,114.49,85.02
2018-10-01 00:00:00-04:00,2004.36,214.78,69.89,115.59,85.83
2018-10-02 00:00:00-04:00,1970.0,215.23,70.43,115.14,86.45
2018-10-03 00:00:00-04:00,1952.76,216.51,68.66,115.16,86.14
2018-10-04 00:00:00-04:00,1910.32,218.92,69.15,112.85,85.57
2018-10-05 00:00:00-04:00,1889.58,219.46,69.37,112.12,85.34
2018-10-08 00:00:00-04:00,1864.42,222.34,70.26,110.86,86.18
2018-10-09 00:00:00-04:00,1870.32,223.74,68.99,112.26,86.51
2018-10-10 00:00:00-04:00,1755.25,213.15,68.73,106.26,84.61
2018-10-11 00:00:00-04:00,1719.36,205.18,67.62,105.92,81.6
2018-10-12 00:00:00-04:00,1788.61,206.7,67.9,109.54,81.36
2018-10-15 00:00:00-04:00,1760.95,204.99,68.66,107.54,80.82
2018-10-16 00:00:00-04:00,1820.15,209.7,69.85,110.89,81.17
2018-10-17 00:00:00-04:00,1831.73,210.52,69.65,110.72,81.49
2018-10-18 00:00:00-04:00,1770.72,208.79,69.58,108.51,81.87
2018-10-19 00:00:00-04:00,1764.03,209.72,71.16,108.55,81.97
2018-10-22 00:00:00-04:00,1789.005,206.09,70.57,109.63,81.14
2018-10-23 00:00:00-04:00,1768.25,203.87,71.17,108.11,79.83
2018-10-24 00:00:00-04:00,1659.63,199.97,71.45,102.38,77.62
2018-10-25 00:00:00-04:00,1782.0,201.92,70.52,108.3,78.31
2018-10-26 00:00:00-04:00,1638.28,198.31,69.14,106.96,77.54
2018-10-29 00:00:00-04:00,1538.6078,200.05,70.3,104.09,77.11
2018-10-30 00:00:00-04:00,1530.42,203.46,71.86,103.75,78.8
2018-10-31 00:00:00-04:00,1599.19,205.22,65.49,106.79,79.68
2018-11-01 00:00:00-04:00,1665.86,205.83,63.98,105.91,80.6
2018-11-02 00:00:00-04:00,1665.58,205.76,62.99,106.15,81.93
2018-11-05 00:00:00-05:00,1627.45,216.32,63.14,107.49,81.6
2018-11-06 00:00:00-05:00,1642.86,218.39,64.4,107.71,82.0
2018-11-07 00:00:00-05:00,1757.36,221.06,64.27,111.96,83.02
2018-11-08 00:00:00-05:00,1754.95,222.42,65.18,111.79,81.74
2018-11-09 00:00:00-05:00,1712.03,219.54,65.01,109.53,80.88
2018-11-12 00:00:00-05:00,1636.79,215.59,64.3,106.92,79.89
2018-11-13 00:00:00-05:00,1631.445,217.87,63.43,106.94,78.03
2018-11-14 00:00:00-05:00,1600.1,216.15,62.46,105.01,77.43
2018-11-15 00:00:00-05:00,1620.0,217.57,62.53,107.38,78.18
2018-11-16 00:00:00-05:00,1593.59,218.5,61.76,108.37,78.99
2018-11-19 00:00:00-05:00,1512.7,217.9192,61.68,104.6,79.24
2018-11-20 00:00:00-05:00,1495.46,210.43,61.7,101.71,76.95
2018-11-21 00:00:00-05:00,1516.4,210.82,61.9,103.08,77.56
2018-11-23 00:00:00-05:00,1502.08,207.08,61.73,103.02,75.49
2018-11-26 00:00:00-05:00,1581.33,210.61,61.48,106.5,76.98
2018-11-27 00:00:00-05:00,1582.0,212.55,62.25,107.2,77.04
2018-11-28 00:00:00-05:00,1677.46,217.63,62.6,111.13,78.43
2018-11-29 00:00:00-05:00,1672.94,217.7,63.24,110.2,79.08
2018-11-30 00:00:00-05:00,1691.55,217.95,63.64,110.89,79.48
2018-12-03 00:00:00-05:00,1772.9,220.75,63.16,112.09,81.25
2018-12-04 00:00:00-05:00,1668.64,210.08,61.72,108.5,79.44
2018-12-06 00:00:00-05:00,1700.0,207.98,61.29,109.19,78.37
2018-12-07 00:00:00-05:00,1629.11,204.85,60.83,104.78,77.67
2018-12-10 00:00:00-05:00,1641.2,203.1,60.28,107.56,76.54
2018-12-11 00:00:00-05:00,1643.4,202.24,60.86,108.66,76.68
2018-12-12 00:00:00-05:00,1663.13,202.47,60.97,109.08,76.03
2018-12-13 00:00:00-05:00,1659.74,202.34,61.01,109.35,76.94
2018-12-14 00:00:00-05:00,1591.92,200.17,60.36,106.02,75.62
2018-12-17 00:00:00-05:00,1519.75,197.92,59.21,102.93,74.01
2018-12-18 00:00:00-05:00,1551.11,196.46,58.84,103.94,71.9969
2018-12-19 00:00:00-05:00,1494.83,195.14,58.69,103.71,70.78
2018-12-20 00:00:00-05:00,1460.83,193.58,57.3,101.42,68.62
2018-12-21 00:00:00-05:00,1376.73,192.05,57.6,98.07,68.14
2018-12-24 00:00:00-05:00,1342.91,187.87,55.84,94.04,65.55
2018-12-26 00:00:00-05:00,1470.81,197.85,57.15,100.53,68.64
2018-12-27 00:00:00-05:00,1462.0,199.96,57.12,101.05,68.93
2018-12-28 00:00:00-05:00,1475.18,201.91,57.2601,100.3487,68.13
2018-12-31 00:00:00-05:00,1492.38,202.89,56.99,100.83,67.93
2019-01-02 00:00:00-05:00,1536.73,202.341,56.61,101.01,69.63
2019-01-03 00:00:00-05:00,1502.07,191.9199,56.78,97.5,68.82
2019-01-04 00:00:00-05:00,1574.54,195.23,57.18,101.775,71.105
2019-01-07 00:00:00-05:00,1631.12,196.68,57.49,102.15,71.595
2019-01-08 00:00:00-05:00,1655.835,196.36,57.9,102.73,72.08
2019-01-09 00:00:00-05:00,1657.59,196.13,58.07,104.25,72.37
2019-01-10 00:00:00-05:00,1655.5,196.6,58.315,103.57,72.0
2019-01-11 00:00:00-05:00,1639.66,195.946,58.575,102.81,71.605
2019-01-14 00:00:00-05:00,1619.8767,195.37,58.42,102.12,71.61
2019-01-15 00:00:00-05:00,1672.75,196.67,59.345,104.78,71.51
2019-01-16 00:00:00-05:00,1681.9703,198.42,59.08,105.39,71.75
2019-01-17 00:00:00-05:00,1691.37,198.48,59.29,106.1,72.1
2019-01-18 00:00:00-05:00,1693.2421,204.1,59.3,107.6,72.905
2019-01-22 00:00:00-05:00,1628.398,199.68,58.615,105.315,71.745
2019-01-23 00:00:00-05:00,1636.55,200.84,59.04,106.54,71.32
2019-01-24 00:00:00-05:00,1654.97,201.05,57.65,106.23,71.295
2019-01-25 00:00:00-05:00,1668.6,202.47,57.79,106.95,71.64
2019-01-28 00:00:00-05:00,1636.185,200.68,58.125,105.015,71.23
2019-01-29 00:00:00-05:00,1592.73,201.74,58.13,102.89,71.545
2019-01-30 00:00:00-05:00,1670.2312,205.81,57.905,106.28,72.35
2019-01-31 00:00:00-05:00,1720.41,207.57,59.0,104.4575,73.185
2019-02-01 00:00:00-05:00,1623.8,209.02,58.7,102.625,75.86
2019-02-04 00:00:00-05:00,1630.5,208.23,58.895,105.62,74.83
2019-02-05 00:00:00-05:00,1656.87,207.5,59.15,107.11,75.54
2019-02-06 00:00:00-05:00,1639.42,205.88,59.23,106.06,75.285
2019-02-07 00:00:00-05:00,1611.6058,201.425,55.8501,105.19,74.645
2019-02-08 00:00:00-05:00,1585.7397,200.62,55.095,105.42,73.835
2019-02-11 00:00:00-05:00,1591.8,203.0814,55.67,105.255,74.175
2019-02-12 00:00:00-05:00,1637.89,205.92,56.5701,106.835,75.345
2019-02-13 00:00:00-05:00,1640.3726,205.78,56.98,106.785,76.175
2019-02-14 00:00:00-05:00,1623.8774,202.73,56.61,106.96,76.21
2019-02-15 00:00:00-05:00,1607.5299,205.04,56.83,108.13,77.62
2019-02-19 00:00:00-05:00,1627.4731,205.67,57.4201,108.13,78.18
2019-02-20 00:00:00-05:00,1622.62,206.3,58.47,107.2,78.54
2019-02-21 00:00:00-05:00,1619.9,205.3,58.34,109.44,77.85
2019-02-22 00:00:00-05:00,1631.19,201.89,56.75,110.965,78.41
2019-02-25 00:00:00-05:00,1633.0,202.3,55.66,111.59,78.49
2019-02-26 00:00:00-05:00,1636.33,201.86,55.9,112.36,78.64
2019-02-27 00:00:00-05:00,1641.09,202.27,55.76,112.19,79.47
2019-02-28 00:00:00-05:00,1639.79,201.33,56.26,112.05,79.06
2019-03-01 00:00:00-05:00,1671.26,203.22,56.83,112.52,79.99
2019-03-04 00:00:00-05:00,1696.16,202.03,54.61,112.28,80.33
2019-03-05 00:00:00-05:00,1691.81,201.42,54.78,111.68,80.18
2019-03-06 00:00:00-05:00,1669.16,200.74,54.47,111.74,79.2895
2019-03-07 00:00:00-05:00,1626.28,199.3,54.31,110.38,80.15
2019-03-08 00:00:00-05:00,1622.11,198.68,54.56,110.52,79.02
2019-03-11 00:00:00-04:00,1670.32,202.05,54.15,112.83,79.78
2019-03-12 00:00:00-04:00,1672.42,202.63,54.17,113.64,80.04
2019-03-13 00:00:00-04:00,1690.8,204.05,53.61,114.51,80.7
2019-03-14 00:00:00-04:00,1685.29,203.39,53.81,114.57,80.45
2019-03-15 00:00:00-04:00,1712.91,204.29,54.28,115.9,80.16
2019-03-18 00:00:00-04:00,1742.0,206.79,54.26,117.59,81.09
2019-03-19 00:00:00-04:00,1762.7,205.35,54.42,117.7,80.9
2019-03-20 00:00:00-04:00,1797.73,203.29,54.09,117.52,81.33
2019-03-21 00:00:00-04:00,1818.4,204.51,56.47,120.64,81.8
2019-03-22 00:00:00-04:00,1764.06,200.56,56.74,117.05,80.51
2019-03-25 00:00:00-04:00,1774.07,199.42,56.68,117.65,79.93
2019-03-26 00:00:00-04:00,1784.47,200.66,57.57,117.93,80.96
2019-03-27 00:00:00-04:00,1766.0,199.19,56.93,116.77,80.33
2019-03-28 00:00:00-04:00,1773.67,200.7,56.96,116.94,80.73
2019-03-29 00:00:00-04:00,1781.09,200.84,57.38,117.95,80.79
2019-04-01 00:00:00-04:00,1814.36,204.94,56.01,119.02,81.73
2019-04-02 00:00:00-04:00,1814.0,203.92,56.36,119.18,81.37
2019-04-03 00:00:00-04:00,1820.41,203.64,56.66,119.97,80.9
2019-04-04 00:00:00-04:00,1819.51,204.12,56.45,119.33,82.04
2019-04-05 00:00:00-04:00,1837.65,205.28,56.79,119.88,82.5
2019-04-08 00:00:00-04:00,1849.679,205.19,57.49,119.89,82.98
2019-04-09 00:00:00-04:00,1836.52,204.96,57.15,119.31,81.96
2019-04-10 00:00:00-04:00,1847.33,204.6,57.51,120.22,81.58
2019-04-11 00:00:00-04:00,1844.5,206.7,57.35,120.33,81.95
2019-04-12 00:00:00-04:00,1842.96,210.54,57.58,120.96,80.91
2019-04-15 00:00:00-04:00,1844.85,209.73,58.34,121.06,80.67
2019-04-16 00:00:00-04:00,1862.92,211.74,58.4,120.79,81.22
2019-04-17 00:00:00-04:00,1864.82,210.37,58.08,121.75,81.41
2019-04-18 00:00:00-04:00,1861.4,210.08,58.44,123.37,81.16
2019-04-22 00:00:00-04:00,1888.04,209.51,58.37,123.76,82.91
2019-04-23 00:00:00-04:00,1924.17,211.68,58.42,125.44,83.38
2019-04-24 00:00:00-04:00,1900.88,210.59,58.55,125.09,81.77
2019-04-25 00:00:00-04:00,1902.16,212.07,57.94,129.08,82.26
2019-04-26 00:00:00-04:00,1950.9,214.18,59.41,129.89,80.48
2019-04-29 00:00:00-04:00,1939.0,216.56,59.63,129.74,79.96
2019-04-30 00:00:00-04:00,1926.53,216.53,60.29,130.58,80.25
2019-05-01 00:00:00-04:00,1911.29,216.67,59.4,127.8768,78.65
2019-05-02 00:00:00-04:00,1901.72,215.95,57.39,126.2,77.29
2019-05-03 00:00:00-04:00,1961.76,218.52,56.47,128.89,77.44
2019-05-06 00:00:00-04:00,1950.29,213.31,57.41,128.16,77.15
2019-05-07 00:00:00-04:00,1922.58,209.4,57.15,125.57,76.73
2019-05-08 00:00:00-04:00,1916.85,209.29,57.25,125.44,76.87
2019-05-09 00:00:00-04:00,1900.01,208.55,57.825,125.51,76.76
2019-05-10 00:00:00-04:00,1889.98,209.18,58.64,127.19,76.59
2019-05-13 00:00:00-04:00,1822.62,205.03,57.78,123.31,75.72
2019-05-14 00:00:00-04:00,1840.05,203.69,57.17,124.72,75.84
2019-05-15 00:00:00-04:00,1871.12,203.07,57.38,126.05,76.39
2019-05-16 00:00:00-04:00,1907.86,204.7,57.41,128.95,76.36
2019-05-17 00:00:00-04:00,1867.99,203.17,56.97,128.07,75.9
2019-05-20 00:00:00-04:00,1858.04,202.6605,56.43,126.2,75.89
2019-05-21 00:00:00-04:00,1858.11,203.33,56.55,126.9,76.25
2019-05-22 00:00:00-04:00,1859.425,202.59,56.83,127.66,75.56
2019-05-23 00:00:00-04:00,1815.67,201.4,57.09,126.18,73.78
2019-05-24 00:00:00-04:00,1823.3,201.74,56.57,126.23,74.12
2019-05-28 00:00:00-04:00,1836.56,199.55,54.58,126.05,72.57
2019-05-29 00:00:00-04:00,1820.2,198.38,52.8,124.94,72.17
2019-05-30 00:00:00-04:00,1815.81,199.74,52.09,125.73,71.99
2019-05-31 00:00:00-04:00,1775.07,197.34,52.57,123.59,70.75
2019-06-03 00:00:00-04:00,1692.76,198.51,53.79,119.88,71.87
2019-06-04 00:00:00-04:00,1730.18,201.55,54.57,123.2,73.59
2019-06-05 00:00:00-04:00,1739.48,203.29,54.98,125.83,72.97
2019-06-06 00:00:00-04:00,1754.6292,204.81,55.78,127.9,74.33
2019-06-07 00:00:00-04:00,1804.02,205.8,55.99,131.4,74.56
2019-06-10 00:00:00-04:00,1860.63,207.02,54.77,132.6,74.88
2019-06-11 00:00:00-04:00,1863.7,206.64,55.67,132.1,74.84
2019-06-12 00:00:00-04:00,1855.3,204.52,56.23,131.49,74.04
2019-06-13 00:00:00-04:00,1870.748,205.38,56.63,132.32,74.67
2019-07-10 00:00:00-04:00,2017.77,213.91,54.78,137.86,77.5
2019-07-11 00:00:00-04:00,2001.07,213.13,54.6,138.4,77.56
2019-07-12 00:00:00-04:00,2010.02,214.07,54.55,138.89,77.62
2019-07-15 00:00:00-04:00,2021.0,213.5,54.99,138.94,77.08
2019-07-16 00:00:00-04:00,2010.0,212.82,55.21,137.08,75.93
2019-07-17 00:00:00-04:00,1992.16,207.46,55.99,136.22,75.49
2019-07-18 00:00:00-04:00,1978.67,207.93,56.98,136.28,74.845
2019-07-19 00:00:00-04:00,1965.0,205.97,56.57,136.62,75.02
2019-07-22 00:00:00-04:00,1985.92,204.81,56.53,138.43,75.085
2019-07-23 00:00:00-04:00,1994.47,206.45,58.21,139.29,75.37
2019-07-24 00:00:00-04:00,2001.04,207.97,58.26,140.72,75.38
2019-07-25 00:00:00-04:00,1975.02,207.91,58.38,140.19,74.95
2019-07-26 00:00:00-04:00,1943.05,209.86,58.75,141.34,74.82
2019-07-29 00:00:00-04:00,1912.87,208.63,58.42,141.04,75.33
2019-07-30 00:00:00-04:00,1899.22,207.81,58.57,140.37,75.35
2019-07-31 00:00:00-04:00,1866.39,205.33,58.205,136.21,74.35
2019-08-01 00:00:00-04:00,1855.33,201.72,63.65,138.06,72.48
2019-08-02 00:00:00-04:00,1823.52,202.74,63.38,136.9,71.99
2019-08-05 00:00:00-04:00,1765.13,197.81,61.76,132.2,70.26
2019-08-06 00:00:00-04:00,1787.44,200.56,61.66,134.66,70.98
2019-08-07 00:00:00-04:00,1793.39,198.23,61.52,135.28,70.51
2019-08-08 00:00:00-04:00,1834.26,200.64,62.5,138.91,72.4
2019-08-09 00:00:00-04:00,1807.88,199.1,62.18,137.69,70.84
2019-08-12 00:00:00-04:00,1784.75,197.11,61.615,135.81,69.61
2019-08-13 00:00:00-04:00,1824.29,198.88,62.71,138.6,70.48
2019-08-14 00:00:00-04:00,1762.96,195.695,61.56,133.98,67.66
2019-08-15 00:00:00-04:00,1775.41,198.32,63.52,133.691,67.25
2019-08-16 00:00:00-04:00,1791.8,199.77,63.79,136.13,68.29
2019-08-19 00:00:00-04:00,1816.83,200.92,64.43,138.41,69.45
2019-08-20 00:00:00-04:00,1801.35,198.205,63.22,137.24,69.03
2019-08-21 00:00:00-04:00,1823.38,199.2,63.35,138.78,69.72
2019-08-22 00:00:00-04:00,1804.25,201.27,63.84,137.77,69.59
2019-08-23 00:00:00-04:00,1750.77,197.27,63.26,133.4,67.49
2019-08-26 00:00:00-04:00,1770.0,200.18,63.66,135.54,67.89
2019-08-27 00:00:00-04:00,1761.92,198.2,62.09,135.75,67.18
2019-08-28 00:00:00-04:00,1764.0,200.46,62.51,135.55,67.67
2019-08-29 00:00:00-04:00,1786.46,203.18,62.96,138.16,68.41
2019-08-30 00:00:00-04:00,1776.19,203.26,62.8,137.92,68.44
2019-09-03 00:00:00-04:00,1789.51,200.93,63.69,136.12,68.56
2019-09-04 00:00:00-04:00,1800.46,202.22,63.34,137.69,69.31
2019-09-05 00:00:00-04:00,1840.73,204.18,62.86,140.05,70.27
2019-09-06 00:00:00-04:00,1833.51,204.82,64.22,139.13,70.93
2019-09-09 00:00:00-04:00,1831.29,206.66,64.17,137.58,71.49
2019-09-10 00:00:00-04:00,1821.31,208.08,62.91,136.15,72.06
2019-09-11 00:00:00-04:00,1822.49,210.92,63.78,136.15,71.89
2019-09-12 00:00:00-04:00,1843.0,211.47,63.71,137.5414,71.97
2019-09-13 00:00:00-04:00,1839.34,213.59,63.33,137.21,72.63
2019-09-16 00:00:00-04:00,1808.23,210.37,63.79,136.4,73.73
2019-09-17 00:00:00-04:00,1822.62,210.08,64.15,137.39,73.14
2019-09-18 00:00:00-04:00,1817.59,210.96,63.61,138.53,72.82
2019-09-19 00:00:00-04:00,1821.54,209.06,63.74,141.08,72.31
2019-09-20 00:00:00-04:00,1794.89,207.98,63.71,139.28,72.07
2019-09-23 00:00:00-04:00,1784.29,207.96,63.26,139.09,72.12
2019-09-24 00:00:00-04:00,1742.34,206.47,63.86,137.38,71.18
2019-09-25 00:00:00-04:00,1768.08,208.12,64.075,139.36,71.34
2019-09-26 00:00:00-04:00,1740.12,206.9,64.21,139.57,70.97
2019-09-27 00:00:00-04:00,1725.85,207.47,64.12,137.75,71.5
2019-09-30 00:00:00-04:00,1736.12,208.0,64.37,139.03,70.6
2019-10-01 00:00:00-04:00,1736.11,206.57,63.1,137.06,68.95
2019-10-02 00:00:00-04:00,1713.23,203.26,61.99,134.63,67.19
2019-10-03 00:00:00-04:00,1724.25,205.03,62.41,136.3,68.0
2019-10-04 00:00:00-04:00,1739.4,208.08,62.83,138.11,68.95
2019-10-07 00:00:00-04:00,1732.5,207.23,62.68,137.1,68.05
2019-10-08 00:00:00-04:00,1705.25,204.07,61.84,135.66,66.69
2019-10-09 00:00:00-04:00,1721.79,206.71,62.12,138.21,67.44
2019-10-10 00:00:00-04:00,1720.56,206.86,62.38,139.1,68.27
2019-10-11 00:00:00-04:00,1729.98,208.0,62.14,139.61,68.96
2019-10-14 00:00:00-04:00,1736.5,207.87,62.39,139.54,69.19
2019-10-15 00:00:00-04:00,1767.35,209.36,61.92,141.57,69.4
2019-10-16 00:00:00-04:00,1777.42,209.3,61.34,140.48,68.235
2019-10-17 00:00:00-04:00,1787.47,208.69,62.22,139.67,68.14
2019-10-18 00:00:00-04:00,1757.79,208.77,61.94,137.34,67.62
2019-10-21 00:00:00-04:00,1785.835,211.48,62.5,138.43,68.74
2019-10-22 00:00:00-04:00,1765.34,210.71,62.08,136.39,69.11
2019-10-23 00:00:00-04:00,1761.99,210.88,62.21,137.25,69.75
2019-10-24 00:00:00-04:00,1781.5935,210.24,61.65,139.95,69.07
2019-10-25 00:00:00-04:00,1762.0,211.74,60.87,140.73,69.2
2019-10-28 00:00:00-04:00,1777.04,212.79,61.07,144.2,68.62
2019-10-29 00:00:00-04:00,1763.04,213.0,62.87,142.81,68.45
2019-10-30 00:00:00-04:00,1780.0,213.29,63.87,144.56,67.74
2019-10-31 00:00:00-04:00,1777.1431,212.52,63.54,143.39,67.57
2019-11-01 00:00:00-04:00,1791.47,215.94,63.67,143.72,69.595
2019-11-04 00:00:00-05:00,1805.27,217.94,63.56,144.52,71.67
2019-11-05 00:00:00-05:00,1801.7,220.88,63.51,144.46,73.09
2019-11-06 00:00:00-05:00,1795.94,222.0,64.42,144.06,71.49
2019-11-07 00:00:00-05:00,1788.2,222.65,63.73,144.28,73.0
2019-11-08 00:00:00-05:00,1785.88,221.2126,63.97,145.96,70.77
2019-11-11 00:00:00-05:00,1771.9,220.88,63.47,146.12,70.31
2019-11-12 00:00:00-05:00,1778.23,220.91,63.98,147.08,69.38
2019-11-13 00:00:00-05:00,1753.4,219.79,64.41,147.34,68.76
2019-11-14 00:00:00-05:00,1754.65,219.5,64.05,148.06,68.53
2019-11-15 00:00:00-05:00,1739.08,219.7,64.65,149.95,69.17
2019-11-18 00:00:00-05:00,1752.86,219.31,65.45,150.34,68.51
2019-11-19 00:00:00-05:00,1753.16,218.92,65.32,150.39,67.83
2019-11-20 00:00:00-05:00,1746.6335,217.45,65.39,149.62,68.01
2019-11-21 00:00:00-05:00,1735.0,216.67,64.72,149.49,69.66
2019-11-22 00:00:00-05:00,1745.85,217.87,64.5,149.63,69.35
2019-11-25 00:00:00-05:00,1773.69,219.035,64.32,151.2247,68.9
2019-11-26 00:00:00-05:00,1796.99,218.87,65.46,152.0,68.74
2019-11-27 00:00:00-05:00,1818.23,220.54,65.602,152.34,68.71
2019-11-29 00:00:00-05:00,1800.96,220.45,65.11,151.38,68.15
2019-12-02 00:00:00-05:00,1781.61,220.41,65.45,149.55,68.44
2019-12-03 00:00:00-05:00,1770.33,218.11,65.65,149.32,67.9
2019-12-04 00:00:00-05:00,1760.48,218.4,65.7,149.83,68.65
2019-12-05 00:00:00-05:00,1740.48,219.69,65.77,149.92,68.41
2019-12-06 00:00:00-05:00,1751.59,222.6,66.21,151.75,69.5
2019-12-09 00:00:00-05:00,1749.42,221.37,66.535,151.36,69.66
2019-12-10 00:00:00-05:00,1739.49,221.26,66.64,151.17,69.06
2019-12-11 00:00:00-05:00,1748.9,222.56,66.12,151.69,68.95
2019-12-12 00:00:00-05:00,1760.18,225.87,66.19,153.23,70.35
2019-12-13 00:00:00-05:00,1760.93,225.36,66.25,154.54,69.22
2019-12-16 00:00:00-05:00,1769.21,226.85,66.26,155.54,69.9296
2019-12-17 00:00:00-05:00,1790.66,227.01,66.1,154.79,69.66
2019-12-18 00:00:00-05:00,1782.36,225.15,66.48,154.37,69.875
2019-12-19 00:00:00-05:00,1792.29,225.11,66.77,155.71,69.38
2019-12-20 00:00:00-05:00,1786.57,226.26,68.57,157.39,69.94
2019-12-23 00:00:00-05:00,1793.0,225.47,68.81,157.41,70.29
2019-12-24 00:00:00-05:00,1789.63,225.49,68.94,157.39,70.02
2019-12-26 00:00:00-05:00,1869.02,226.51,68.68,158.67,70.13
2019-12-27 00:00:00-05:00,1869.26,226.14,69.18,158.95,69.89
2019-12-30 00:00:00-05:00,1847.18,225.84,68.77,157.68,69.48
2019-12-31 00:00:00-05:00,1847.64,226.43,69.16,157.49,69.76
2020-01-02 00:00:00-05:00,1897.71,228.33,67.66,160.73,70.9
2020-01-03 00:00:00-05:00,1874.93,226.18,68.02,158.59,70.32
2020-01-06 00:00:00-05:00,1903.33,227.06,67.95,159.02,70.87
2020-01-07 00:00:00-05:00,1906.86,225.84,68.81,157.6,70.28
2020-01-08 00:00:00-05:00,1892.09,225.9,68.89,160.14,69.235
2020-01-09 00:00:00-05:00,1901.0,228.66,69.14,162.09,69.77
2020-01-10 00:00:00-05:00,1882.98,226.63,69.29,161.32,69.1456
2020-01-13 00:00:00-05:00,1891.41,228.44,69.71,163.28,69.79
2020-01-14 00:00:00-05:00,1869.2,227.11,69.995,162.15,69.2
2020-01-15 00:00:00-05:00,1862.01,228.33,70.26,163.29,69.1
2020-01-16 00:00:00-05:00,1877.95,229.91,70.74,166.21,68.83
2020-01-17 00:00:00-05:00,1864.71,230.14,70.88,167.05,68.55
2020-01-21 00:00:00-05:00,1892.55,228.54,70.59,166.49,67.59
2020-01-22 00:00:00-05:00,1887.46,229.65,70.26,165.69,67.1703
2020-01-23 00:00:00-05:00,1884.58,229.29,70.44,166.72,66.78
2020-01-24 00:00:00-05:00,1861.64,226.9,69.34,165.04,66.31
2020-01-27 00:00:00-05:00,1828.89,222.34,69.04,162.26,64.72
2020-01-28 00:00:00-05:00,1853.33,223.97,68.99,165.46,64.66
2020-01-29 00:00:00-05:00,1858.0,224.51,68.43,168.18,64.13
2020-01-30 00:00:00-05:00,1870.8896,227.93,68.88,172.74,64.76
2020-01-31 00:00:00-05:00,2007.75,224.16,68.21,170.17,62.1171
2020-02-03 00:00:00-05:00,2003.25,223.43,68.84,174.39,60.72
2020-02-04 00:00:00-05:00,2049.78,225.07,68.67,180.13,59.97
2020-02-05 00:00:00-05:00,2039.62,228.68,69.37,179.94,62.74
2020-02-06 00:00:00-05:00,2050.37,229.56,63.46,183.64,61.88
2020-02-07 00:00:00-05:00,2079.21,227.4,64.18,183.95,61.48
2020-02-10 00:00:00-05:00,2134.55,227.11,65.34,188.74,59.97
2020-02-11 00:00:00-05:00,2152.27,227.33,66.27,184.44,60.53
2020-02-12 00:00:00-05:00,2161.34,227.46,66.18,184.72,61.26
2020-02-13 00:00:00-05:00,2151.12,226.51,67.16,183.76,60.95
2020-02-14 00:00:00-05:00,2135.48,226.74,67.7,185.35,60.64
2020-02-18 00:00:00-05:00,2155.67,226.83,67.17,187.22,59.9
2020-02-19 00:00:00-05:00,2170.21,229.26,66.3,187.28,60.33
2020-02-20 00:00:00-05:00,2153.59,228.2,65.67,184.33,59.8252
2020-02-21 00:00:00-05:00,2095.97,229.2,65.53,178.56,59.135
2020-02-24 00:00:00-05:00,2008.74,221.7,64.49,170.88,56.37
2020-02-25 00:00:00-05:00,1970.65,218.09,63.39,168.05,54.21
2020-02-26 00:00:00-05:00,1979.61,216.06,62.76,170.16,53.02
2020-02-27 00:00:00-05:00,1882.88,207.35,61.03,158.0,49.82
2020-02-28 00:00:00-05:00,1889.18,206.13,60.47,162.11,51.43
2020-03-02 00:00:00-05:00,1954.0,218.19,63.14,172.85,53.88
2020-03-03 00:00:00-05:00,1908.88,208.77,62.62,164.38,51.27
2020-03-04 00:00:00-05:00,1976.46,217.8,64.59,170.54,52.43
2020-03-05 00:00:00-05:00,1924.03,209.35,63.64,166.24,50.13
2020-03-06 00:00:00-05:00,1901.14,206.03,63.19,161.57,47.7
2020-03-09 00:00:00-04:00,1800.01,192.94,62.37,150.62,41.866
2020-03-10 00:00:00-04:00,1894.0,202.78,62.89,161.03,43.0
2020-03-11 00:00:00-04:00,1819.63,194.68,61.72,153.56,41.99
2020-03-12 00:00:00-04:00,1676.21,175.61,58.19,138.76,37.189
2020-03-13 00:00:00-04:00,1786.31,196.4,63.66,158.85,38.11
2020-03-16 00:00:00-04:00,1688.0,177.6101,62.54,135.4144,34.48
2020-03-17 00:00:00-04:00,1807.38,187.66,69.22,146.57,36.79
2020-03-18 00:00:00-04:00,1832.39,172.44,68.95,142.13,33.16
2020-03-19 00:00:00-04:00,1880.5,174.68,61.4001,142.67,34.44
2020-03-20 00:00:00-04:00,1846.09,169.7,55.7301,136.77,32.74
2020-03-23 00:00:00-04:00,1902.54,161.69,53.56,135.56,31.41
2020-03-24 00:00:00-04:00,1940.0,178.01,56.27,148.34,35.49
2020-03-25 00:00:00-04:00,1885.78,179.6,56.03,146.85,37.29
2020-03-26 00:00:00-04:00,1955.225,183.45,58.75,156.11,38.7
2020-03-27 00:00:00-04:00,1899.92,179.57,59.59,149.61,36.94
2020-03-30 00:00:00-04:00,1964.78,183.31,60.98,160.3,37.5
2020-03-31 00:00:00-04:00,1949.79,182.83,59.95,157.64,37.97
2020-04-01 00:00:00-04:00,1906.58,176.0,61.09,151.94,37.51
2020-04-02 00:00:00-04:00,1918.83,179.85,61.33,155.26,40.4
2020-04-03 00:00:00-04:00,1906.6,178.33,63.55,153.8201,39.22
2020-04-06 00:00:00-04:00,1998.49,184.97,63.39,165.27,40.44
2020-04-07 00:00:00-04:00,2011.6,184.9,62.55,163.49,41.23
2020-04-08 00:00:00-04:00,2042.9,190.9,61.46,165.11,43.85
2020-04-09 00:00:00-04:00,2042.82,193.84,62.71,165.19,43.09
2020-04-13 00:00:00-04:00,2168.01,188.75,62.8,165.51,42.76
2020-04-14 00:00:00-04:00,2283.31,192.94,63.59,173.7,42.42
2020-04-15 00:00:00-04:00,2309.27,188.78,62.93,171.94,40.51
2020-04-16 00:00:00-04:00,2408.19,187.76,64.13,177.07,39.14
2020-04-17 00:00:00-04:00,2372.87,191.2,65.01,178.6,43.24
2020-04-20 00:00:00-04:00,2393.08,188.74,66.24,174.99,41.17
2020-04-21 00:00:00-04:00,2329.36,183.42,65.52,167.67,40.97
2020-04-22 00:00:00-04:00,2370.0,186.83,64.94,173.575,42.28
2020-04-23 00:00:00-04:00,2399.44,185.59,64.5,171.43,43.46
2020-04-24 00:00:00-04:00,2410.0,186.53,64.09,174.54,43.74
2020-04-27 00:00:00-04:00,2376.82,187.4,65.11,174.03,43.92
2020-04-28 00:00:00-04:00,2314.08,187.08,65.74,169.79,44.98
2020-04-29 00:00:00-04:00,2371.88,189.0,64.98,177.3,47.48
2020-04-30 00:00:00-04:00,2471.5,187.34,65.45,179.22,46.4
2020-05-01 00:00:00-04:00,2285.94,182.785,64.91,174.5,43.17
2020-05-04 00:00:00-04:00,2315.99,177.99,63.64,178.84,44.87
2020-05-05 00:00:00-04:00,2317.64,175.96,63.24,180.76,44.82
2020-05-06 00:00:00-04:00,2350.97,172.5,64.09,182.49,43.98
2020-05-07 00:00:00-04:00,2367.61,173.63,62.7,183.6078,44.2336
2020-05-08 00:00:00-04:00,2379.5,176.77,63.67,184.68,46.19
2020-05-11 00:00:00-04:00,2406.9375,174.57,63.22,186.65,45.73
2020-05-12 00:00:00-04:00,2357.505,172.81,63.53,182.38,44.13
2020-05-13 00:00:00-04:00,2366.17,170.56,64.19,179.78,41.93
2020-05-14 00:00:00-04:00,2391.37,171.0,63.68,180.61,42.3
2020-05-15 00:00:00-04:00,2410.41,169.48,64.16,183.39,42.0
2020-05-18 00:00:00-04:00,2426.38,175.46,63.76,184.9,45.34
2020-05-19 00:00:00-04:00,2448.59,172.48,62.42,183.5,43.935
2020-05-20 00:00:00-04:00,2497.35,176.12,62.47,185.66,45.39
2020-05-21 00:00:00-04:00,2448.01,174.95,61.36,183.49,44.5785
2020-05-22 00:00:00-04:00,2436.89,175.0,62.1,183.51,44.6
2020-05-26 00:00:00-04:00,2423.7,180.44,62.12,181.56,45.92
2020-05-27 00:00:00-04:00,2409.51,185.74,64.61,181.81,46.24
2020-05-28 00:00:00-04:00,2401.05,185.19,65.45,181.27,45.04
2020-05-29 00:00:00-04:00,2436.53,185.58,65.31,183.96,45.53
2020-06-01 00:00:00-04:00,2470.12,183.84,66.12,182.86,46.269
2020-06-02 00:00:00-04:00,2473.3,186.0,66.84,185.0,47.305
2020-06-03 00:00:00-04:00,2478.4,190.8,65.42,185.36,49.22
2020-06-04 00:00:00-04:00,2460.6,192.05,64.71,182.95,49.1
2020-06-05 00:00:00-04:00,2481.415,200.53,65.62,187.5,53.2
2020-06-08 00:00:00-04:00,2522.8,201.6,67.16,188.47,54.71
2020-06-09 00:00:00-04:00,2603.39,196.07,66.21,190.07,53.59
2020-06-10 00:00:00-04:00,2648.16,191.38,66.52,196.82,50.66
2020-06-11 00:00:00-04:00,2558.47,178.16,63.78,186.47,46.17
2020-06-12 00:00:00-04:00,2566.705,178.895,63.9584,188.14,46.61
2020-06-15 00:00:00-04:00,2572.62,181.68,65.5,189.09,47.145
2020-06-16 00:00:00-04:00,2615.13,182.5,66.69,193.67,48.25
2020-06-17 00:00:00-04:00,2641.72,180.85,67.09,194.2,46.62
2020-06-18 00:00:00-04:00,2655.0,180.75,67.76,196.32,46.92
2020-06-19 00:00:00-04:00,2671.86,179.74,67.79,195.03,46.07
2020-06-22 00:00:00-04:00,2712.0,180.17,66.7,200.58,46.4
2020-06-23 00:00:00-04:00,2764.42,181.05,66.34,201.889,46.69
2020-06-24 00:00:00-04:00,2733.49,177.57,64.89,197.84,44.52
2020-06-25 00:00:00-04:00,2756.16,178.8,65.49,200.36,45.17
2020-06-26 00:00:00-04:00,2692.87,175.57,63.84,196.33,43.62
2020-06-29 00:00:00-04:00,2681.52,177.17,65.09,198.5,44.32
2020-06-30 00:00:00-04:00,2756.09,178.4,66.06,203.5,44.69
2020-07-01 00:00:00-04:00,2879.2,178.1,65.92,204.66,43.73
2020-07-02 00:00:00-04:00,2887.56,178.82,66.32,206.21,44.09
2020-07-06 00:00:00-04:00,3057.16,182.71,66.17,210.69,44.39
2020-07-07 00:00:00-04:00,3000.12,181.15,66.62,208.24,43.26
2020-07-08 00:00:00-04:00,3081.88,181.29,66.63,212.84,43.14
2020-07-09 00:00:00-04:00,3183.81,178.84,65.87,214.4,41.36
2020-07-10 00:00:00-04:00,3203.36,182.84,67.19,213.65,42.64
2020-07-13 00:00:00-04:00,3101.55,184.2,66.96,207.1,42.69
2020-07-14 00:00:00-04:00,3084.02,189.76,68.38,208.39,44.07
2020-07-15 00:00:00-04:00,3008.87,190.55,68.08,208.05,44.62
2020-07-16 00:00:00-04:00,2994.55,190.76,68.28,203.88,44.29
2020-07-17 00:00:00-04:00,2961.47,190.71,68.61,202.87,43.51
2020-07-20 00:00:00-04:00,3195.01,190.48,67.4,211.49,42.5
2020-07-21 00:00:00-04:00,3141.43,192.25,67.71,208.75,44.65
2020-07-22 00:00:00-04:00,3100.23,192.1,67.45,211.7533,43.61
2020-07-23 00:00:00-04:00,2987.725,193.31,68.41,202.6,43.7
2020-07-24 00:00:00-04:00,3008.92,194.52,68.7,201.3,43.42
2020-07-27 00:00:00-04:00,3053.89,192.09,69.95,203.85,44.07
2020-07-28 00:00:00-04:00,2999.62,194.12,70.91,201.74,43.55
2020-07-29 00:00:00-04:00,3034.27,196.41,70.97,204.06,44.04
2020-07-30 00:00:00-04:00,3052.65,194.3,70.61,203.89,41.9
2020-07-31 00:00:00-04:00,3164.68,195.82,68.97,205.1,42.08
2020-08-03 00:00:00-04:00,3111.42,199.14,69.33,216.54,42.26
2020-08-04 00:00:00-04:00,3138.82,200.31,69.72,213.35,43.48
2020-08-05 00:00:00-04:00,3205.83,203.62,69.25,212.95,43.84
2020-08-06 00:00:00-04:00,3224.35,205.09,69.22,216.35,43.64
2020-08-07 00:00:00-04:00,3165.75,209.37,69.52,212.44,43.45
2020-08-10 00:00:00-04:00,3149.87,212.54,69.03,208.33,44.53
2020-08-11 00:00:00-04:00,3080.67,212.6,68.12,203.33,44.9699
2020-08-12 00:00:00-04:00,3161.0,213.16,69.27,209.29,44.09
2020-08-13 00:00:00-04:00,3161.02,211.88,69.04,208.72,43.015
2020-08-14 00:00:00-04:00,3148.0,210.98,69.13,208.89,43.21
2020-08-17 00:00:00-04:00,3181.16,206.8,69.7,210.2492,42.66
2020-08-18 00:00:00-04:00,3312.49,208.42,70.13,211.48,42.43
2020-08-19 00:00:00-04:00,3260.15,207.44,68.85,209.7,41.96
2020-08-20 00:00:00-04:00,3296.05,206.13,68.74,214.55,41.33
2020-08-21 00:00:00-04:00,3284.59,207.43,68.89,213.02,41.025
2020-08-24 00:00:00-04:00,3307.45,212.61,69.58,213.71,42.24
2020-08-25 00:00:00-04:00,3346.05,213.35,69.5,216.4564,40.89
2020-08-26 00:00:00-04:00,3442.06,214.67,70.38,221.15,40.01
2020-08-27 00:00:00-04:00,3400.7,216.89,70.46,226.57,39.73
2020-08-28 00:00:00-04:00,3401.8,218.55,70.5399,228.94,40.69
2020-08-31 00:00:00-04:00,3441.91,218.04,70.9,225.06,39.94
2020-09-01 00:00:00-04:00,3500.47,218.54,69.24,227.32,39.44
2020-09-02 00:00:00-04:00,3529.34,221.5,70.41,231.46,39.17
2020-09-03 00:00:00-04:00,3369.17,218.05,69.94,217.3,39.1
2020-09-04 00:00:00-04:00,3294.62,218.25,69.2,214.14,39.07
2020-09-08 00:00:00-04:00,3149.84,217.77,66.34,202.65,38.18
2020-09-09 00:00:00-04:00,3268.27,219.62,66.53,211.18,37.9641
2020-09-10 00:00:00-04:00,3176.12,217.76,66.0,205.38,37.0
2020-09-11 00:00:00-04:00,3117.28,217.93,65.44,204.04,36.899
2020-09-14 00:00:00-04:00,3102.97,219.81,65.415,205.3,36.65
2020-09-15 00:00:00-04:00,3153.28,218.87,65.64,208.85,36.27
2020-09-16 00:00:00-04:00,3077.14,219.57,63.93,204.94,37.81
2020-09-17 00:00:00-04:00,3010.56,218.01,63.54,202.96,37.79
2020-09-18 00:00:00-04:00,2952.64,217.96,62.88,200.45,37.18
2020-09-21 00:00:00-04:00,2962.0,213.08,62.73,202.64,36.43
2020-09-22 00:00:00-04:00,3129.0,214.22,62.69,207.38,35.54
2020-09-23 00:00:00-04:00,2997.44,209.59,61.12,200.59,34.39
2020-09-24 00:00:00-04:00,3018.58,208.79,62.67,203.18,34.32
2020-09-25 00:00:00-04:00,3094.65,210.38,63.07,207.77,34.645
2020-09-28 00:00:00-04:00,3175.04,213.69,63.39,209.61,35.31
2020-09-29 00:00:00-04:00,3142.92,210.37,63.44,207.16,34.27
2020-09-30 00:00:00-04:00,3147.425,212.89,64.59,210.32,34.33
2020-10-01 00:00:00-04:00,3222.01,211.94,64.38,212.46,33.13
2020-10-02 00:00:00-04:00,3125.93,211.25,64.705,206.18,32.98
2020-10-05 00:00:00-04:00,3199.2,212.41,65.45,210.37,33.74
2020-10-06 00:00:00-04:00,3099.29,210.03,65.15,205.91,33.37
2020-10-07 00:00:00-04:00,3192.51,213.27,64.86,209.81,33.5096
2020-10-08 00:00:00-04:00,3190.55,215.16,65.19,210.63,35.26
2020-10-09 00:00:00-04:00,3287.82,215.62,65.86,215.81,34.72
2020-10-12 00:00:00-04:00,3442.93,215.96,66.3,221.41,34.62
2020-10-13 00:00:00-04:00,3442.64,212.16,66.79,222.83,34.21
2020-10-14 00:00:00-04:00,3363.05,210.69,66.86,220.93,34.16
2020-10-15 00:00:00-04:00,3338.62,211.64,67.15,219.66,34.445
2020-10-16 00:00:00-04:00,3160.0,211.94,67.1,219.65,34.11
2020-10-19 00:00:00-04:00,3207.3,209.05,66.7,214.24,33.42
2020-10-20 00:00:00-04:00,3216.26,209.95,66.25,214.56,33.71
2020-10-21 00:00:00-04:00,3183.6,210.03,65.96,214.785,33.16
2020-10-22 00:00:00-04:00,3177.4,211.68,66.34,214.84,34.87
2020-10-23 00:00:00-04:00,3204.64,212.75,66.76,216.26,34.17
